"","BKIA.MC.Open","BKIA.MC.High","BKIA.MC.Low","BKIA.MC.Close","BKIA.MC.Volume","BKIA.MC.Adjusted"
"2011-08-03",0.46328,0.47169,0.45658,0.45719,1653300,43.61165
"2011-08-04",0.45962,0.46133,0.44768,0.45109,614400,43.03015
"2011-08-05",0.45109,0.4584,0.4328,0.45109,659500,43.03015
"2011-08-08",0.44865,0.45706,0.44134,0.44743,548400,42.6813
"2011-08-09",0.45109,0.45694,0.44012,0.45353,391500,43.26271
"2011-08-10",0.45231,0.45645,0.42695,0.4389,446100,41.86713
"2011-08-11",0.45109,0.45109,0.41707,0.43183,675400,41.19262
"2011-08-12",0.43743,0.45719,0.42915,0.45719,210600,43.61165
"2011-08-15",0.45597,0.4595,0.45243,0.4595,94500,43.83258
"2011-08-16",0.45231,0.4584,0.45109,0.45597,195200,43.49537
"2011-08-17",0.45597,0.4584,0.45243,0.4584,303300,43.72793
"2011-08-18",0.45584,0.45816,0.45182,0.45816,199000,43.70466
"2011-08-19",0.4556,0.45719,0.43414,0.45109,253600,43.03015
"2011-08-22",0.43268,0.44865,0.43268,0.44865,128100,42.79758
"2011-08-23",0.44829,0.45097,0.44646,0.44829,124200,42.76267
"2011-08-24",0.44829,0.4517,0.44743,0.44829,53500,42.76267
"2011-08-25",0.45109,0.45109,0.44804,0.45109,240800,43.03015
"2011-08-26",0.44987,0.45353,0.44743,0.45353,43500,43.26271
"2011-08-29",0.44999,0.45341,0.44975,0.45048,59700,42.97196
"2011-08-30",0.44987,0.45353,0.44621,0.45353,76100,43.26271
"2011-08-31",0.4478,0.45719,0.4478,0.45719,314900,43.61165
"2011-09-01",0.45109,0.45694,0.45109,0.45694,111300,43.58838
"2011-09-02",0.45719,0.45719,0.45048,0.45719,88600,43.61165
"2011-09-05",0.45085,0.45584,0.44646,0.44743,107800,42.6813
"2011-09-06",0.44743,0.45072,0.44499,0.44987,97200,42.91386
"2011-09-07",0.44987,0.45475,0.44926,0.45231,149500,43.14643
"2011-09-08",0.45268,0.45475,0.44987,0.44987,213300,42.91386
"2011-09-09",0.45109,0.4528,0.44377,0.44499,190900,42.44864
"2011-09-12",0.4428,0.44499,0.4328,0.43878,99100,41.85559
"2011-09-13",0.43768,0.44195,0.43768,0.44012,194800,41.98351
"2011-09-14",0.44195,0.44499,0.43512,0.43829,117200,41.80904
"2011-09-15",0.4389,0.44426,0.4328,0.43829,113900,41.80904
"2011-09-16",0.4367,0.44499,0.43463,0.44499,190300,42.44864
"2011-09-19",0.43573,0.44292,0.43573,0.43768,66100,41.75085
"2011-09-20",0.43646,0.43951,0.43585,0.43719,97200,41.70439
"2011-09-21",0.43743,0.44524,0.43305,0.44524,125400,42.47191
"2011-09-22",0.43646,0.44499,0.43646,0.44499,67700,42.44864
"2011-09-23",0.43878,0.44377,0.43646,0.44377,161500,42.33236
"2011-09-26",0.43463,0.44499,0.43463,0.44499,111400,42.44864
"2011-09-27",0.44207,0.45109,0.44207,0.45109,152100,43.03015
"2011-09-28",0.45048,0.45219,0.44743,0.4517,148400,43.08833
"2011-09-29",0.45109,0.45706,0.4489,0.45706,570500,43.60002
"2011-09-30",0.45109,0.45804,0.4467,0.4467,1308800,42.61147
"2011-10-03",0.44499,0.44499,0.43597,0.43939,443900,41.91368
"2011-10-04",0.43768,0.44073,0.42975,0.43219,387800,41.22753
"2011-10-05",0.43463,0.43646,0.43146,0.43329,349400,41.33218
"2011-10-06",0.4389,0.44243,0.43768,0.43987,280400,41.96023
"2011-10-07",0.44377,0.44475,0.43939,0.44024,209700,41.99505
"2011-10-10",0.44256,0.44475,0.4389,0.44012,233600,41.98351
"2011-10-11",0.4389,0.44243,0.4389,0.44012,203700,41.98351
"2011-10-12",0.43768,0.44633,0.43768,0.44134,77000,42.09979
"2011-10-13",0.44743,0.44743,0.43902,0.44621,232700,42.56492
"2011-10-14",0.44304,0.45097,0.43975,0.45097,277100,43.01851
"2011-10-17",0.45109,0.45316,0.44755,0.45109,243200,43.03015
"2011-10-18",0.45048,0.4517,0.44536,0.45048,156300,42.97196
"2011-10-19",0.44755,0.45048,0.44365,0.44377,174500,42.33236
"2011-10-20",0.44256,0.44499,0.4389,0.44012,109300,41.98351
"2011-10-21",0.44012,0.44548,0.43719,0.44499,185700,42.44864
"2011-10-24",0.43902,0.44377,0.43878,0.44134,104200,42.09979
"2011-10-25",0.44134,0.44499,0.43707,0.44499,161400,42.44864
"2011-10-26",0.44085,0.44414,0.43902,0.44073,179000,42.0416
"2011-10-27",0.44219,0.44499,0.42549,0.44499,198700,42.44864
"2011-10-28",0.44146,0.44804,0.44012,0.44804,315200,42.73939
"2011-10-31",0.44134,0.44621,0.44134,0.4456,196800,42.50683
"2011-11-01",0.4389,0.44487,0.4328,0.4389,113500,41.86713
"2011-11-02",0.43719,0.44426,0.43597,0.43878,161400,41.85559
"2011-11-03",0.4339,0.43951,0.43366,0.4389,198800,41.86713
"2011-11-04",0.43817,0.44195,0.43743,0.43902,144500,41.87877
"2011-11-07",0.43646,0.43841,0.43439,0.43524,96000,41.51829
"2011-11-08",0.43646,0.43804,0.43451,0.43524,70600,41.51829
"2011-11-09",0.43658,0.43707,0.42671,0.43402,96700,41.402
"2011-11-10",0.42683,0.43219,0.42683,0.42793,157900,40.8205
"2011-11-11",0.42671,0.43756,0.42671,0.43402,151600,41.402
"2011-11-14",0.43585,0.43756,0.42866,0.4328,71100,41.28572
"2011-11-15",0.42927,0.43134,0.42732,0.42793,99100,40.8205
"2011-11-16",0.42671,0.43024,0.42061,0.42061,163600,40.12271
"2011-11-17",0.42122,0.42305,0.4189,0.4189,190300,39.95987
"2011-11-18",0.42061,0.42549,0.41573,0.41573,275000,39.65748
"2011-11-21",0.41512,0.42183,0.40842,0.40842,112500,38.9597
"2011-11-22",0.40842,0.41086,0.39562,0.39867,303600,38.02934
"2011-11-23",0.39379,0.39684,0.38672,0.39025,257500,37.22691
"2011-11-24",0.38769,0.38952,0.3816,0.38404,228800,36.63376
"2011-11-25",0.38404,0.38574,0.38038,0.38404,211700,36.63376
"2011-11-28",0.38404,0.40184,0.38404,0.39988,217100,38.14562
"2011-11-29",0.40647,0.41391,0.40244,0.41391,136400,39.48311
"2011-11-30",0.41391,0.45353,0.40903,0.45353,586100,43.26271
"2011-12-01",0.43475,0.44426,0.43085,0.43402,238800,41.402
"2011-12-02",0.43634,0.43853,0.43061,0.43707,147400,41.69276
"2011-12-05",0.4328,0.44646,0.4328,0.4439,148200,42.344
"2011-12-06",0.44499,0.44499,0.4389,0.4389,101500,41.86713
"2011-12-07",0.43646,0.44012,0.42439,0.43036,330100,41.05306
"2011-12-08",0.42927,0.43756,0.42451,0.42658,340700,40.69258
"2011-12-09",0.42427,0.43402,0.42427,0.43146,101000,41.1578
"2011-12-12",0.43646,0.43646,0.42061,0.42744,69200,40.77395
"2011-12-13",0.42671,0.43402,0.42122,0.43402,147400,41.402
"2011-12-14",0.43036,0.43768,0.42671,0.43768,313600,41.75085
"2011-12-15",0.4328,0.43878,0.4328,0.43731,112500,41.71594
"2011-12-16",0.4328,0.44219,0.43158,0.44219,611100,42.18116
"2011-12-19",0.43158,0.44134,0.43049,0.4389,237300,41.86713
"2011-12-20",0.43536,0.44377,0.43524,0.44377,210600,42.33236
"2011-12-21",0.44195,0.44256,0.4328,0.4389,179500,41.86713
"2011-12-22",0.43658,0.43878,0.4328,0.43829,119300,41.80904
"2011-12-23",0.43866,0.4389,0.43561,0.43829,1824800,41.80904
"2011-12-26",0.43829,0.43829,0.43829,0.43829,0,41.80904
"2011-12-27",0.4328,0.43817,0.42988,0.43536,98300,41.52992
"2011-12-28",0.4328,0.43622,0.42732,0.43036,87300,41.05306
"2011-12-29",0.43256,0.4328,0.42061,0.42658,371900,40.69258
"2011-12-30",0.4272,0.4389,0.425,0.43829,96100,41.80904
"2012-01-02",0.435,0.4389,0.43292,0.43878,64800,41.85559
"2012-01-03",0.43658,0.43878,0.43073,0.43524,278000,41.51829
"2012-01-04",0.43743,0.4389,0.43085,0.4367,105000,41.65784
"2012-01-05",0.43292,0.43622,0.42671,0.42805,138800,40.83213
"2012-01-06",0.42805,0.43768,0.42768,0.435,95400,41.49501
"2012-01-09",0.43378,0.43768,0.43231,0.43305,84400,41.3089
"2012-01-10",0.43561,0.4378,0.43,0.4328,151700,41.28572
"2012-01-11",0.43158,0.43719,0.42878,0.43536,206200,41.52992
"2012-01-12",0.43451,0.43866,0.43195,0.43195,204300,41.20426
"2012-01-13",0.42963,0.4389,0.42963,0.43524,181100,41.51829
"2012-01-16",0.43097,0.43768,0.43097,0.43707,58000,41.69276
"2012-01-17",0.4389,0.44182,0.43536,0.44182,209200,42.14625
"2012-01-18",0.44256,0.44256,0.43341,0.435,190300,41.49501
"2012-01-19",0.4389,0.44012,0.43536,0.43951,230700,41.92532
"2012-01-20",0.44012,0.44012,0.4328,0.4328,208200,41.28572
"2012-01-23",0.4328,0.43573,0.42939,0.43548,193100,41.54156
"2012-01-24",0.43097,0.43646,0.42939,0.43646,252700,41.63457
"2012-01-25",0.435,0.43646,0.42744,0.4328,240700,41.28572
"2012-01-26",0.4328,0.43585,0.43097,0.43207,245000,41.21589
"2012-01-27",0.43207,0.4328,0.42061,0.42671,311500,40.70421
"2012-01-30",0.42183,0.42646,0.4172,0.42146,139700,40.20408
"2012-01-31",0.42146,0.42549,0.41951,0.42256,107100,40.30882
"2012-02-01",0.42317,0.43451,0.42195,0.43451,240100,41.44855
"2012-02-02",0.43292,0.43512,0.42817,0.43402,281400,41.402
"2012-02-03",0.42975,0.43451,0.42878,0.4328,281900,41.28572
"2012-02-06",0.43097,0.43268,0.42695,0.42866,153100,40.89023
"2012-02-07",0.42793,0.43097,0.42561,0.43097,153400,41.11125
"2012-02-08",0.43158,0.43256,0.42451,0.43195,214000,41.20426
"2012-02-09",0.43024,0.43427,0.42927,0.43414,271100,41.41364
"2012-02-10",0.43414,0.43609,0.42975,0.42975,245700,40.99497
"2012-02-13",0.43158,0.43195,0.41707,0.42524,251600,40.56466
"2012-02-14",0.41939,0.42305,0.4172,0.42061,334800,40.12271
"2012-02-15",0.42317,0.42366,0.40683,0.40683,572600,38.8085
"2012-02-16",0.39123,0.39123,0.36697,0.37721,1131300,35.98253
"2012-02-17",0.3816,0.38489,0.37184,0.37489,902000,35.76151
"2012-02-20",0.37672,0.37916,0.37465,0.37794,380000,36.05226
"2012-02-21",0.37794,0.3816,0.37428,0.37562,286700,35.83133
"2012-02-22",0.37562,0.37672,0.37184,0.37184,558300,35.47075
"2012-02-23",0.37184,0.37526,0.3688,0.37184,770500,35.47075
"2012-02-24",0.37184,0.37294,0.36941,0.37184,814200,35.47075
"2012-02-27",0.36953,0.37062,0.36941,0.36977,536200,35.2731
"2012-02-28",0.36941,0.37123,0.36941,0.37062,805300,35.35447
"2012-02-29",0.36965,0.3738,0.36953,0.37014,436000,35.30802
"2012-03-01",0.36941,0.37099,0.36941,0.36941,461100,35.23819
"2012-03-02",0.37038,0.37306,0.37002,0.37002,425400,35.29637
"2012-03-05",0.36965,0.37062,0.36941,0.36941,487000,35.23819
"2012-03-06",0.36941,0.37038,0.36575,0.36575,1026000,34.88934
"2012-03-07",0.36575,0.36672,0.36575,0.36575,1186700,34.88934
"2012-03-08",0.36697,0.36806,0.36575,0.36575,865600,34.88934
"2012-03-09",0.36575,0.36697,0.36575,0.36697,1684300,35.00562
"2012-03-12",0.36611,0.36685,0.36575,0.36575,1771300,34.88934
"2012-03-13",0.36575,0.36587,0.34905,0.36026,632900,34.36593
"2012-03-14",0.36185,0.36221,0.35612,0.36185,585900,34.51712
"2012-03-15",0.36246,0.36246,0.35356,0.35892,511900,34.23801
"2012-03-16",0.35782,0.36002,0.34746,0.36002,587800,34.34275
"2012-03-19",0.35843,0.36721,0.35599,0.36636,338800,34.94743
"2012-03-20",0.3666,0.36685,0.36099,0.36648,307800,34.95907
"2012-03-21",0.36648,0.36697,0.35734,0.35965,268100,34.30784
"2012-03-22",0.35758,0.36075,0.35441,0.35831,549700,34.17991
"2012-03-23",0.35758,0.35819,0.3499,0.35636,560500,33.99381
"2012-03-26",0.35575,0.35843,0.35136,0.3549,424000,33.85425
"2012-03-27",0.35599,0.35843,0.34673,0.34807,524200,33.20301
"2012-03-28",0.34588,0.34624,0.33222,0.33551,880800,32.00508
"2012-03-29",0.33283,0.33442,0.32673,0.32917,614600,31.4004
"2012-03-30",0.32796,0.33161,0.32357,0.33112,648200,31.58641
"2012-04-02",0.33039,0.33759,0.32454,0.33649,295600,32.09818
"2012-04-03",0.33527,0.34112,0.32673,0.32673,357100,31.16774
"2012-04-04",0.32344,0.32381,0.30223,0.31235,1042600,29.79543
"2012-04-05",0.31235,0.31637,0.30808,0.31284,412700,29.84199
"2012-04-06",0.31284,0.31284,0.31284,0.31284,0,29.84199
"2012-04-09",0.31284,0.31284,0.31284,0.31284,0,29.84199
"2012-04-10",0.30711,0.30942,0.30211,0.30479,663700,29.07447
"2012-04-11",0.30211,0.30906,0.30211,0.30845,603200,29.42331
"2012-04-12",0.30918,0.32613,0.3065,0.3204,388400,30.56305
"2012-04-13",0.31942,0.3204,0.30723,0.31015,454300,29.58615
"2012-04-16",0.30723,0.31698,0.30723,0.31089,236300,29.65588
"2012-04-17",0.32186,0.32235,0.30894,0.3182,390800,30.35367
"2012-04-18",0.32247,0.32308,0.30772,0.31491,310200,30.03973
"2012-04-19",0.31406,0.31698,0.30845,0.30979,426900,29.55123
"2012-04-20",0.31454,0.31942,0.30747,0.31052,592600,29.62106
"2012-04-23",0.30857,0.31332,0.3004,0.30284,225100,28.88836
"2012-04-24",0.30247,0.31089,0.30186,0.30772,478700,29.35358
"2012-04-25",0.30601,0.31576,0.3054,0.3093,417800,29.50468
"2012-04-26",0.30796,0.31089,0.30601,0.31003,238800,29.57451
"2012-04-27",0.30601,0.31576,0.30406,0.31576,299400,30.1211
"2012-04-30",0.31576,0.31698,0.31125,0.31613,204100,30.15601
"2012-05-01",0.31613,0.31613,0.31613,0.31613,0,30.15601
"2012-05-02",0.3154,0.31698,0.29577,0.29991,310200,28.60924
"2012-05-03",0.30113,0.30589,0.29967,0.3004,247000,28.65579
"2012-05-04",0.29943,0.30235,0.2965,0.2993,284500,28.55105
"2012-05-07",0.29138,0.29199,0.28077,0.28955,370500,27.6207
"2012-05-08",0.28528,0.2865,0.26285,0.27577,943500,26.30649
"2012-05-09",0.25846,0.26822,0.2548,0.25968,1514800,24.77145
"2012-05-10",0.24993,0.25944,0.24993,0.25663,1364300,24.4807
"2012-05-11",0.25602,0.25602,0.24383,0.25249,630800,24.08521
"2012-05-14",0.24383,0.24566,0.22701,0.22993,731900,21.93375
"2012-05-15",0.22311,0.22701,0.21335,0.22701,781400,21.65463
"2012-05-16",0.21262,0.21445,0.20141,0.20177,872300,19.24723
"2012-05-17",0.19202,0.19263,0.14276,0.17336,1375700,16.53755
"2012-05-18",0.17202,0.23164,0.16983,0.21409,1329800,20.42189
"2012-05-21",0.21994,0.23493,0.20738,0.21494,637600,20.50325
"2012-05-22",0.21579,0.21945,0.20263,0.2097,453500,20.00321
"2012-05-23",0.20482,0.21457,0.20238,0.20677,313700,19.7241
"2012-05-24",0.20726,0.20848,0.19141,0.19141,357500,18.25879
"2012-05-25",0.19141,0.19141,0.19141,0.19141,0,18.25879
"2012-05-28",0.1402,0.17934,0.13533,0.16581,1818600,15.81648
"2012-05-29",0.15593,0.16032,0.13801,0.13886,1232100,13.24635
"2012-05-30",0.13533,0.13655,0.11582,0.12691,1067800,12.10661
"2012-05-31",0.12509,0.14386,0.11911,0.12716,1477200,12.12989
"2012-06-01",0.1296,0.13399,0.12314,0.12435,588300,11.86241
"2012-06-04",0.12192,0.12618,0.1207,0.12374,311800,11.80422
"2012-06-05",0.12557,0.13362,0.12374,0.12399,516700,11.82749
"2012-06-06",0.12947,0.12984,0.1207,0.12679,807200,12.09497
"2012-06-07",0.12606,0.12789,0.1207,0.12484,351200,11.90886
"2012-06-08",0.12435,0.12545,0.12228,0.12545,193100,11.96705
"2012-06-11",0.15118,0.15118,0.12618,0.12777,921500,12.18798
"2012-06-12",0.12557,0.12911,0.12374,0.12533,436400,11.95541
"2012-06-13",0.1263,0.1263,0.12228,0.12374,283200,11.80422
"2012-06-14",0.12374,0.12374,0.11997,0.11997,502800,11.44374
"2012-06-15",0.12192,0.12192,0.10972,0.11216,510000,10.6994
"2012-06-18",0.11814,0.11814,0.10009,0.10204,590200,9.73413
"2012-06-19",0.10241,0.10241,0.09266,0.09851,447800,9.39685
"2012-06-20",0.09741,0.10473,0.09449,0.10241,376300,9.76904
"2012-06-21",0.10217,0.11704,0.10009,0.11241,581500,10.72267
"2012-06-22",0.11241,0.12423,0.11107,0.11826,905900,11.2809
"2012-06-25",0.12143,0.12435,0.11594,0.11692,517900,11.15298
"2012-06-26",0.11533,0.11533,0.10485,0.1068,365600,10.18772
"2012-06-27",0.10948,0.11484,0.10631,0.11411,362500,10.8855
"2012-06-28",0.11143,0.11143,0.10643,0.10972,255200,10.46683
"2012-06-29",0.12167,0.12192,0.11119,0.11265,745700,10.74595
"2012-07-02",0.11082,0.11521,0.10972,0.11521,431700,10.99015
"2012-07-03",0.11582,0.11887,0.1107,0.11131,342800,10.61793
"2012-07-04",0.11143,0.11375,0.11033,0.11363,146500,10.83895
"2012-07-05",0.11107,0.11363,0.10997,0.1107,183200,10.55984
"2012-07-06",0.11216,0.11216,0.10351,0.10351,283500,9.87369
"2012-07-09",0.10363,0.1057,0.0979,0.10168,290700,9.69922
"2012-07-10",0.10534,0.10534,0.10107,0.10204,232000,9.73413
"2012-07-11",0.09887,0.09997,0.09327,0.09412,604200,8.97818
"2012-07-12",0.09473,0.09473,0.08534,0.08534,458400,8.14084
"2012-07-13",0.08729,0.08741,0.07803,0.07937,503600,7.57098
"2012-07-16",0.07912,0.07925,0.07437,0.07449,415900,7.10579
"2012-07-17",0.07327,0.07327,0.06376,0.06449,643500,6.15215
"2012-07-18",0.0634,0.07608,0.05852,0.07376,978900,7.03601
"2012-07-19",0.07656,0.0851,0.07559,0.08412,970200,8.02454
"2012-07-20",0.08863,0.09583,0.07315,0.07534,1572800,7.1872
"2012-07-23",0.07315,0.08168,0.06815,0.08107,723800,7.7338
"2012-07-24",0.08473,0.08534,0.07327,0.08168,536600,7.79195
"2012-07-25",0.08278,0.08485,0.07742,0.08107,512300,7.7338
"2012-07-26",0.08278,0.08668,0.08046,0.08339,573200,7.95476
"2012-07-27",0.08534,0.08632,0.08181,0.08485,421400,8.09432
"2012-07-30",0.08534,0.09083,0.08534,0.08973,603600,8.55951
"2012-07-31",0.09144,0.09729,0.09034,0.09729,448500,9.28056
"2012-08-01",0.09485,0.10729,0.09022,0.10375,783900,9.89696
"2012-08-02",0.10485,0.11704,0.10375,0.10863,1336900,10.36209
"2012-08-03",0.11021,0.11643,0.10485,0.11265,700800,10.74595
"2012-08-06",0.11582,0.11826,0.11338,0.11619,519800,11.08316
"2012-08-07",0.11777,0.12496,0.11704,0.12423,851700,11.85077
"2012-08-08",0.13167,0.15459,0.12801,0.15459,1721800,14.74657
"2012-08-09",0.16227,0.20116,0.15788,0.18446,3714300,17.59582
"2012-08-10",0.1969,0.19872,0.13411,0.14788,2996600,14.10687
"2012-08-13",0.12106,0.14508,0.11094,0.12411,1253500,11.83913
"2012-08-14",0.12435,0.14337,0.12411,0.13776,1374600,13.14161
"2012-08-15",0.14264,0.14752,0.13898,0.14654,597400,13.97895
"2012-08-16",0.15386,0.17617,0.15093,0.1708,2116700,16.29334
"2012-08-17",0.18287,0.19251,0.16605,0.17922,2240400,17.09578
"2012-08-20",0.18275,0.18287,0.15971,0.17093,1162200,16.30498
"2012-08-21",0.17361,0.17422,0.16459,0.17007,526900,16.22352
"2012-08-22",0.17068,0.17068,0.16532,0.16568,2513100,15.80484
"2012-08-23",0.16581,0.17032,0.14788,0.16227,838300,15.47927
"2012-08-24",0.15849,0.16398,0.15239,0.15361,486200,14.65356
"2012-08-27",0.14752,0.15325,0.14557,0.14886,510500,14.19998
"2012-08-28",0.1463,0.14752,0.14167,0.14264,489600,13.60683
"2012-08-29",0.14167,0.16568,0.14167,0.16568,963700,15.80484
"2012-08-30",0.16995,0.17605,0.1563,0.16361,1239800,15.60719
"2012-08-31",0.16459,0.17385,0.16361,0.17385,1575700,16.5841
"2012-09-03",0.17605,0.17678,0.16215,0.16702,476500,15.93276
"2012-09-04",0.17227,0.17544,0.16922,0.1719,668300,16.39799
"2012-09-05",0.17068,0.17288,0.16739,0.16958,384600,16.17697
"2012-09-06",0.17397,0.17495,0.16629,0.16788,883500,16.01423
"2012-09-07",0.17056,0.17361,0.16337,0.16459,712500,15.7002
"2012-09-10",0.16702,0.16751,0.15483,0.15971,456500,15.23497
"2012-09-11",0.15739,0.16983,0.15361,0.16922,503500,16.14215
"2012-09-12",0.17154,0.17373,0.16483,0.16739,559700,15.96768
"2012-09-13",0.16824,0.17056,0.1652,0.16812,3381400,16.0375
"2012-09-14",0.1719,0.17312,0.16946,0.17093,390800,16.30498
"2012-09-17",0.16763,0.17056,0.16727,0.16898,258000,16.11887
"2012-09-18",0.16398,0.1719,0.16349,0.1719,265500,16.39799
"2012-09-19",0.16958,0.17117,0.16763,0.16885,302500,16.10723
"2012-09-20",0.16727,0.16861,0.16471,0.16605,224100,15.83976
"2012-09-21",0.16739,0.17556,0.16581,0.17556,657300,16.74683
"2012-09-24",0.17117,0.17556,0.17032,0.17434,372200,16.63055
"2012-09-25",0.17385,0.17434,0.17093,0.17434,188000,16.63055
"2012-09-26",0.1708,0.1708,0.16459,0.16544,317000,15.78157
"2012-09-27",0.16568,0.16751,0.15483,0.16093,302000,15.35126
"2012-09-28",0.16568,0.16568,0.1552,0.15849,210600,15.11869
"2012-10-01",0.16166,0.1641,0.15617,0.15727,207900,15.00241
"2012-10-02",0.15593,0.15788,0.15483,0.15642,133000,14.92104
"2012-10-03",0.15727,0.15776,0.14654,0.15276,189500,14.5721
"2012-10-04",0.153,0.15313,0.1463,0.14752,204500,14.07206
"2012-10-05",0.14801,0.14801,0.13813,0.14325,311500,13.66502
"2012-10-08",0.13923,0.14069,0.13082,0.13252,371500,12.64157
"2012-10-09",0.12947,0.12984,0.11948,0.1196,499300,11.40882
"2012-10-10",0.11984,0.12923,0.11643,0.12435,837300,11.86241
"2012-10-11",0.12301,0.12399,0.1196,0.12399,380700,11.82749
"2012-10-12",0.12545,0.12679,0.11972,0.11972,244200,11.42046
"2012-10-15",0.12131,0.12435,0.12009,0.12435,249000,11.86241
"2012-10-16",0.12557,0.12691,0.12228,0.12691,321800,12.10661
"2012-10-17",0.1285,0.15093,0.12826,0.15093,1013900,14.39763
"2012-10-18",0.15825,0.16702,0.15361,0.15605,1174700,14.88613
"2012-10-19",0.15118,0.15118,0.13411,0.13447,846300,12.82767
"2012-10-22",0.13167,0.14874,0.12679,0.14154,904400,13.50219
"2012-10-23",0.14386,0.14996,0.13911,0.14484,533400,13.81622
"2012-10-24",0.1463,0.14825,0.14081,0.14362,393100,13.69984
"2012-10-25",0.14362,0.14593,0.14142,0.14264,381200,13.60683
"2012-10-26",0.14142,0.14228,0.13789,0.13898,337200,13.25789
"2012-10-29",0.13423,0.13776,0.13167,0.13411,332700,12.79276
"2012-10-30",0.13618,0.14313,0.13618,0.14057,512900,13.40909
"2012-10-31",0.14252,0.14569,0.14081,0.14142,446100,13.49055
"2012-11-01",0.14142,0.14447,0.13898,0.14179,185700,13.52546
"2012-11-02",0.14374,0.1463,0.13996,0.1463,349500,13.95568
"2012-11-05",0.14276,0.14508,0.14045,0.14045,4253500,13.39754
"2012-11-06",0.14228,0.14228,0.13776,0.13886,210400,13.24635
"2012-11-07",0.13898,0.14069,0.13179,0.13423,647100,12.8044
"2012-11-08",0.13423,0.13545,0.12813,0.13179,491000,12.57174
"2012-11-09",0.13167,0.13399,0.12582,0.12801,444500,12.21125
"2012-11-12",0.1296,0.13155,0.12435,0.12472,429600,11.89723
"2012-11-13",0.12533,0.12643,0.12216,0.12484,478200,11.90886
"2012-11-14",0.1285,0.12862,0.12253,0.12314,243400,11.74603
"2012-11-15",0.12435,0.12801,0.12326,0.12484,418600,11.90886
"2012-11-16",0.12557,0.12728,0.12204,0.12314,682200,11.74603
"2012-11-19",0.12484,0.12594,0.12228,0.12521,397000,11.94378
"2012-11-20",0.12521,0.12582,0.12326,0.12509,211600,11.93214
"2012-11-21",0.12399,0.12545,0.12289,0.12314,313200,11.74603
"2012-11-22",0.12435,0.12484,0.12338,0.12411,110500,11.83913
"2012-11-23",0.1235,0.1246,0.12314,0.1235,156400,11.78094
"2012-11-26",0.12314,0.12411,0.12289,0.12314,130100,11.74603
"2012-11-27",0.12557,0.13533,0.12557,0.12923,665200,12.32754
"2012-11-28",0.13155,0.13167,0.11192,0.11716,655500,11.17626
"2012-11-29",0.11826,0.12253,0.11265,0.11704,1205800,11.16462
"2012-11-30",0.11472,0.11692,0.08046,0.08741,3333100,8.33854
"2012-12-03",0.08461,0.09144,0.07449,0.08156,2264300,7.78032
"2012-12-04",0.0829,0.08949,0.08205,0.0868,1252100,8.2804
"2012-12-05",0.09107,0.09266,0.08717,0.08888,904800,8.4781
"2012-12-06",0.08949,0.08961,0.08534,0.08656,442100,8.25713
"2012-12-07",0.08656,0.08802,0.08071,0.08229,736500,7.8501
"2012-12-10",0.07864,0.0812,0.07534,0.0801,967700,7.64076
"2012-12-11",0.08046,0.08351,0.0801,0.08327,958200,7.94313
"2012-12-12",0.089,0.089,0.08437,0.08644,995100,8.24551
"2012-12-13",0.08656,0.08839,0.08412,0.08534,637600,8.14084
"2012-12-14",0.08522,0.08522,0.08205,0.08412,570600,8.02454
"2012-12-17",0.08412,0.08412,0.08168,0.08412,659300,8.02454
"2012-12-18",0.08485,0.08522,0.08363,0.08473,638800,8.08269
"2012-12-19",0.08534,0.08571,0.08351,0.08498,1127400,8.10595
"2012-12-20",0.08461,0.08522,0.08205,0.08437,565400,8.0478
"2012-12-21",0.08327,0.0851,0.08229,0.08229,718400,7.8501
"2012-12-24",0.08412,0.08473,0.0829,0.08363,214500,7.97802
"2012-12-25",0.08363,0.08363,0.08363,0.08363,0,7.97802
"2012-12-26",0.08363,0.08363,0.08363,0.08363,0,7.97802
"2012-12-27",0.07315,0.07559,0.06705,0.0673,2170900,6.41964
"2012-12-28",0.05389,0.05486,0.04426,0.04925,3568100,4.69843
"2012-12-31",0.04999,0.05364,0.04767,0.04767,1592100,4.54724
"2013-01-01",0.04767,0.04767,0.04767,0.04767,0,4.54724
"2013-01-02",0.04755,0.05023,0.04145,0.04474,4794700,4.26813
"2013-01-03",0.04511,0.05169,0.04487,0.05035,2275800,4.80309
"2013-01-04",0.05194,0.07498,0.05133,0.07498,2944100,7.15231
"2013-01-07",0.07071,0.07315,0.06096,0.06449,2218900,6.15215
"2013-01-08",0.06401,0.07291,0.06401,0.0701,1661400,6.68711
"2013-01-09",0.07156,0.07522,0.07071,0.07437,1444700,7.09416
"2013-01-10",0.07461,0.07961,0.07461,0.07912,1034100,7.54772
"2013-01-11",0.08046,0.08412,0.07388,0.07571,1446000,7.22209
"2013-01-14",0.07693,0.08071,0.07498,0.07559,563300,7.21046
"2013-01-15",0.07571,0.07803,0.07364,0.07803,530800,7.44305
"2013-01-16",0.07778,0.0779,0.07583,0.07681,330400,7.32675
"2013-01-17",0.07717,0.07864,0.07559,0.07815,278400,7.45468
"2013-01-18",0.07803,0.07912,0.07693,0.07742,281300,7.3849
"2013-01-21",0.07742,0.07851,0.07559,0.07742,207800,7.3849
"2013-01-22",0.07742,0.07742,0.07534,0.07559,250300,7.21046
"2013-01-23",0.0751,0.07644,0.06925,0.07303,472500,6.96623
"2013-01-24",0.0712,0.07254,0.06888,0.07071,723600,6.74527
"2013-01-25",0.07071,0.07522,0.06949,0.07291,588100,6.9546
"2013-01-28",0.07559,0.07559,0.07242,0.07254,220800,6.91972
"2013-01-29",0.07193,0.07266,0.06998,0.07059,356000,6.73364
"2013-01-30",0.07022,0.07108,0.06596,0.06705,486700,6.39637
"2013-01-31",0.06888,0.06888,0.06096,0.0623,750800,5.94281
"2013-02-01",0.05974,0.06071,0.05377,0.05486,1935700,5.2334
"2013-02-04",0.05913,0.05962,0.0534,0.05486,1029100,5.2334
"2013-02-05",0.05498,0.0573,0.05401,0.05474,775900,5.22177
"2013-02-06",0.05645,0.05645,0.05328,0.05389,747800,5.14036
"2013-02-07",0.05486,0.05889,0.05401,0.05474,913700,5.22177
"2013-02-08",0.05523,0.0562,0.05498,0.05608,459200,5.3497
"2013-02-11",0.05718,0.06303,0.05498,0.0612,1140700,5.83815
"2013-02-12",0.06279,0.06669,0.0612,0.06401,1750000,6.10563
"2013-02-13",0.06462,0.06644,0.05608,0.05706,1643600,5.44273
"2013-02-14",0.04938,0.05206,0.04267,0.04999,2781800,4.76821
"2013-02-15",0.04511,0.04864,0.03731,0.04109,4202100,3.91924
"2013-02-18",0.04145,0.04462,0.04133,0.04182,2019700,3.98901
"2013-02-19",0.04206,0.04243,0.03804,0.04023,1744900,3.83783
"2013-02-20",0.04072,0.04133,0.03853,0.03901,1362900,3.72153
"2013-02-21",0.03853,0.03938,0.03682,0.0384,1568300,3.66338
"2013-02-22",0.0384,0.0384,0.03487,0.0356,1652900,3.39589
"2013-02-25",0.0356,0.04218,0.03206,0.04011,1709800,3.82619
"2013-02-26",0.03828,0.04267,0.03572,0.03706,1640800,3.53545
"2013-02-27",0.03901,0.03987,0.0367,0.0367,805000,3.50056
"2013-02-28",0.0367,0.03962,0.03438,0.03962,2033800,3.77968
"2013-03-01",0.04023,0.04352,0.03718,0.04084,2166900,3.89597
"2013-03-04",0.03999,0.04072,0.03718,0.03779,1361600,3.60523
"2013-03-05",0.03901,0.03962,0.03597,0.03706,1206100,3.53545
"2013-03-06",0.03633,0.03743,0.03462,0.03462,1456500,3.30285
"2013-03-07",0.03414,0.0356,0.03145,0.03194,2015600,3.047
"2013-03-08",0.03194,0.03414,0.03194,0.03292,1007000,3.14004
"2013-03-11",0.03353,0.03389,0.03304,0.03341,583400,3.18655
"2013-03-12",0.03341,0.03377,0.03182,0.03231,798100,3.08189
"2013-03-13",0.03267,0.0345,0.03206,0.03328,875600,3.17492
"2013-03-14",0.03316,0.03401,0.03292,0.03353,570000,3.19819
"2013-03-15",0.03365,0.03584,0.03231,0.03414,2155700,3.25633
"2013-03-18",0.03389,0.03389,0.03206,0.03267,728200,3.11678
"2013-03-19",0.03353,0.0345,0.03255,0.03255,1127900,3.10515
"2013-03-20",0.03389,0.03499,0.03292,0.03377,1040600,3.22145
"2013-03-21",0.03292,0.03341,0.03182,0.03182,1404100,3.03537
"2013-03-22",0.0317,0.03219,0.03048,0.0306,709900,2.91907
"2013-03-25",0.01646,0.02536,0.01463,0.01792,6049300,1.70958
"2013-03-26",0.01792,0.02073,0.01475,0.01804,4821100,1.72121
"2013-03-27",0.01902,0.02804,0.01841,0.02353,3711400,2.24454
"2013-03-28",0.02365,0.02841,0.02012,0.02012,4042800,1.91891
"2013-03-29",0.02012,0.02012,0.02012,0.02012,0,1.91891
"2013-04-01",0.02012,0.02012,0.02012,0.02012,0,1.91891
"2013-04-02",0.02402,0.02499,0.02158,0.02316,1679000,2.20966
"2013-04-03",0.02341,0.02536,0.02316,0.0239,2242200,2.27944
"2013-04-04",0.02463,0.02511,0.0228,0.02329,1122500,2.22129
"2013-04-05",0.02402,0.02402,0.02243,0.02341,625600,2.23291
"2013-04-08",0.02377,0.02377,0.02194,0.02316,669100,2.20966
"2013-04-09",0.02329,0.02451,0.02292,0.02438,635300,2.32595
"2013-04-10",0.02414,0.02499,0.0239,0.02438,812900,2.32595
"2013-04-11",0.02499,0.02499,0.02353,0.02377,711100,2.26781
"2013-04-12",0.02377,0.02377,0.02255,0.02255,597200,2.15151
"2013-04-15",0.02304,0.02316,0.02255,0.02255,179800,2.15151
"2013-04-16",0.02255,0.02316,0.02231,0.02268,282500,2.16314
"2013-04-17",0.02292,0.02316,0.02085,0.02097,556600,2.00032
"2013-04-18",0.02073,0.02255,0.02024,0.02121,539600,2.02358
"2013-04-19",0.02194,0.02219,0.01975,0.02073,780500,1.97706
"2013-04-22",1.76169,2.19449,1.67025,1.70683,1179700,1.62817
"2013-04-23",1.64465,1.68122,1.48006,1.54834,2761200,1.47698
"2013-04-24",1.53553,1.61539,1.47762,1.53614,2132300,1.46535
"2013-04-25",1.7495,1.80314,1.58613,1.66659,1920900,1.58978
"2013-04-26",1.65075,1.65196,1.50323,1.51664,1858400,1.44675
"2013-04-29",1.48128,1.48128,1.31974,1.37765,3994900,1.31416
"2013-04-30",1.75,11.8,1.61,4,1522700,3.81566
"2013-05-01",4,4,4,4,0,3.81566
"2013-05-02",4.08,7.15,4.08,5.111,1398800,4.87546
"2013-05-03",5.651,6.59,5.351,6.2,1601700,5.91427
"2013-05-06",6.6,6.75,6,6.5,759400,6.20045
"2013-05-07",6.39,6.689,5.63,6.055,792300,5.77595
"2013-05-08",5.751,5.979,5.3,5.9,424000,5.6281
"2013-05-09",5.79,6.14,5.66,5.776,446300,5.50981
"2013-05-10",5.7,5.96,5.451,5.639,378000,5.37913
"2013-05-13",5.35,5.5,4.75,5.02,603500,4.78865
"2013-05-14",4.88,4.88,4.01,4.165,501500,3.97306
"2013-05-15",4.1,4.1,3.2,3.6,613400,3.43409
"2013-05-16",3.5,5.158,3.5,4.65,703300,4.4357
"2013-05-17",4.662,5.38,4.311,4.311,553400,4.11233
"2013-05-20",3.75,3.989,2.231,2.34,3949500,2.23216
"2013-05-21",2.4,2.4,1.85,1.85,2166900,1.76474
"2013-05-22",1.89,1.95,1.4,1.4,4641500,1.33548
"2013-05-23",1,1.07,0.604,0.68,50984900,0.64866
"2013-05-24",0.785,0.79,0.63,0.65,38854600,0.62004
"2013-05-27",0.679,0.722,0.6,0.6,35025100,0.57235
"2013-05-28",0.482,0.57,0.475,0.57,297198600,0.54373
"2013-05-29",0.576,0.639,0.56,0.615,158139600,0.58666
"2013-05-30",0.625,0.68,0.618,0.68,107666900,0.64866
"2013-05-31",0.68,0.88,0.655,0.88,322835700,0.83945
"2013-06-03",0.75,0.815,0.72,0.8,213108000,0.76313
"2013-06-04",0.806,0.82,0.679,0.694,102302100,0.66202
"2013-06-05",0.699,0.723,0.682,0.692,55255600,0.66011
"2013-06-06",0.69,0.715,0.685,0.705,38576200,0.67251
"2013-06-07",0.71,0.718,0.686,0.69,39156500,0.6582
"2013-06-10",0.695,0.71,0.688,0.7,31637700,0.66774
"2013-06-11",0.7,0.7,0.662,0.676,30377300,0.64485
"2013-06-12",0.678,0.706,0.668,0.7,23923000,0.66774
"2013-06-13",0.686,0.7,0.672,0.7,37535200,0.66774
"2013-06-14",0.697,0.7,0.683,0.7,17829000,0.66774
"2013-06-17",0.694,0.706,0.687,0.699,76135600,0.66679
"2013-06-18",0.694,0.699,0.688,0.695,10903000,0.66297
"2013-06-19",0.69,0.705,0.676,0.705,12724900,0.67251
"2013-06-20",0.69,0.695,0.677,0.68,34770300,0.64866
"2013-06-21",0.68,0.685,0.632,0.67,47443500,0.63912
"2013-06-24",0.663,0.666,0.585,0.585,35037000,0.55804
"2013-06-25",0.585,0.599,0.53,0.554,56829200,0.52847
"2013-06-26",0.567,0.608,0.556,0.584,27449300,0.55709
"2013-06-27",0.608,0.627,0.574,0.59,24874600,0.56281
"2013-06-28",0.598,0.602,0.575,0.594,31713000,0.56663
"2013-07-01",0.61,0.61,0.577,0.6,14369400,0.57235
"2013-07-02",0.6,0.608,0.578,0.589,23990900,0.56186
"2013-07-03",0.58,0.585,0.552,0.566,18053300,0.53992
"2013-07-04",0.57,0.612,0.56,0.605,19532800,0.57712
"2013-07-05",0.605,0.605,0.586,0.59,12740700,0.56281
"2013-07-08",0.591,0.603,0.579,0.596,12302300,0.56853
"2013-07-09",0.604,0.65,0.595,0.621,26611900,0.59238
"2013-07-10",0.62,0.627,0.589,0.61,17567700,0.58189
"2013-07-11",0.619,0.619,0.591,0.595,11533300,0.56758
"2013-07-12",0.6,0.6,0.58,0.581,13378000,0.55422
"2013-07-15",0.589,0.599,0.576,0.599,11434400,0.57139
"2013-07-16",0.599,0.605,0.583,0.587,7064100,0.55995
"2013-07-17",0.591,0.591,0.573,0.582,9660800,0.55518
"2013-07-18",0.577,0.599,0.57,0.599,14437800,0.57139
"2013-07-19",0.591,0.601,0.587,0.599,52021400,0.57139
"2013-07-22",0.598,0.605,0.593,0.605,8208100,0.57712
"2013-07-23",0.608,0.649,0.603,0.643,22016400,0.61337
"2013-07-24",0.633,0.657,0.633,0.655,18097300,0.62481
"2013-07-25",0.651,0.689,0.645,0.68,34321800,0.64866
"2013-07-26",0.675,0.696,0.671,0.675,26541100,0.64389
"2013-07-29",0.67,0.676,0.646,0.66,18241200,0.62958
"2013-07-30",0.656,0.66,0.635,0.643,14347200,0.61337
"2013-07-31",0.648,0.665,0.643,0.663,19601700,0.63245
"2013-08-01",0.675,0.68,0.665,0.68,15202700,0.64866
"2013-08-02",0.68,0.69,0.667,0.68,29380200,0.64866
"2013-08-05",0.68,0.695,0.671,0.682,11331200,0.65057
"2013-08-06",0.683,0.688,0.672,0.685,9837100,0.65343
"2013-08-07",0.682,0.695,0.675,0.695,18017000,0.66297
"2013-08-08",0.7,0.748,0.687,0.748,48772100,0.71353
"2013-08-09",0.761,0.78,0.743,0.764,42876500,0.72879
"2013-08-12",0.766,0.779,0.762,0.777,19468600,0.74119
"2013-08-13",0.784,0.789,0.775,0.788,16336100,0.75168
"2013-08-14",0.789,0.828,0.777,0.828,42980700,0.78984
"2013-08-15",0.824,0.875,0.806,0.834,41145000,0.79557
"2013-08-16",0.84,0.86,0.836,0.853,31489700,0.81369
"2013-08-19",0.86,0.869,0.774,0.801,98348300,0.76409
"2013-08-20",0.79,0.808,0.754,0.793,28696300,0.75645
"2013-08-21",0.799,0.818,0.763,0.776,17226700,0.74024
"2013-08-22",0.775,0.803,0.775,0.791,22542300,0.75455
"2013-08-23",0.795,0.798,0.764,0.77,18022100,0.73451
"2013-08-26",0.77,0.78,0.746,0.751,18581500,0.71639
"2013-08-27",0.735,0.741,0.7,0.7,36293400,0.66774
"2013-08-28",0.696,0.72,0.672,0.714,30876900,0.6811
"2013-08-29",0.72,0.724,0.698,0.71,20496100,0.67728
"2013-08-30",0.717,0.724,0.699,0.705,21930100,0.67251
"2013-09-02",0.71,0.721,0.699,0.7,17715200,0.66774
"2013-09-03",0.699,0.717,0.696,0.705,19663500,0.67251
"2013-09-04",0.702,0.724,0.687,0.724,33551100,0.69063
"2013-09-05",0.726,0.758,0.725,0.754,39343400,0.71925
"2013-09-06",0.746,0.782,0.73,0.765,42703200,0.72974
"2013-09-09",0.76,0.767,0.745,0.754,27006700,0.71925
"2013-09-10",0.768,0.772,0.754,0.76,30799600,0.72498
"2013-09-11",0.762,0.789,0.76,0.784,31070900,0.74787
"2013-09-12",0.784,0.84,0.783,0.818,55318300,0.7803
"2013-09-13",0.809,0.815,0.784,0.791,26201200,0.75455
"2013-09-16",0.808,0.818,0.79,0.794,23058100,0.75741
"2013-09-17",0.792,0.797,0.764,0.778,23407100,0.74215
"2013-09-18",0.778,0.798,0.77,0.797,24695700,0.76027
"2013-09-19",0.813,0.828,0.806,0.828,52798600,0.78984
"2013-09-20",0.82,0.828,0.807,0.82,34659300,0.78221
"2013-09-23",0.82,0.824,0.804,0.813,25428900,0.77553
"2013-09-24",0.806,0.812,0.8,0.809,22060600,0.77172
"2013-09-25",0.808,0.823,0.802,0.823,21802500,0.78507
"2013-09-26",0.816,0.839,0.815,0.831,36671000,0.7927
"2013-09-27",0.83,0.831,0.806,0.81,47583600,0.77267
"2013-09-30",0.795,0.807,0.78,0.805,19711400,0.7679
"2013-10-01",0.805,0.824,0.8,0.822,22028600,0.78412
"2013-10-02",0.82,0.839,0.811,0.839,31476100,0.80033
"2013-10-03",0.841,0.913,0.835,0.9,102150000,0.85852
"2013-10-04",0.897,0.991,0.883,0.978,92855300,0.93293
"2013-10-07",0.98,1.038,0.967,0.994,68757300,0.94819
"2013-10-08",0.995,1.02,0.995,1.013,65789300,0.96632
"2013-10-09",1.008,1.013,0.996,1.008,43818300,0.96155
"2013-10-10",1.004,1.013,1.001,1.009,51107400,0.9625
"2013-10-11",1.009,1.029,1.003,1.01,34281700,0.96345
"2013-10-14",1.011,1.019,1,1.013,32869900,0.96632
"2013-10-15",1.016,1.09,1.014,1.084,66334200,1.03404
"2013-10-16",1.084,1.17,1.056,1.1,67910900,1.04931
"2013-10-17",1.119,1.134,1.065,1.088,35424100,1.03786
"2013-10-18",1.083,1.109,1.073,1.096,21626300,1.04549
"2013-10-21",1.101,1.158,1.092,1.135,34471200,1.08269
"2013-10-22",1.15,1.178,1.136,1.157,33636500,1.10368
"2013-10-23",1.152,1.154,1.071,1.092,38616100,1.04168
"2013-10-24",1.094,1.162,1.093,1.148,31306700,1.09509
"2013-10-25",1.131,1.149,1.131,1.133,22657400,1.08079
"2013-10-28",1.169,1.18,1.072,1.085,41624600,1.035
"2013-10-29",1.07,1.083,1.002,1.069,40116700,1.01974
"2013-10-30",1.08,1.123,1.072,1.106,28003500,1.05503
"2013-10-31",1.093,1.12,1.084,1.102,21157700,1.05121
"2013-11-01",1.09,1.1,1.085,1.092,9292200,1.04168
"2013-11-04",1.101,1.11,1.051,1.068,34511200,1.01878
"2013-11-05",1.07,1.075,1.018,1.036,43954700,0.98826
"2013-11-06",1.04,1.065,1.021,1.058,41227300,1.00924
"2013-11-07",1.064,1.096,1.041,1.066,40233600,1.01687
"2013-11-08",1.021,1.074,1.021,1.068,32576900,1.01878
"2013-11-11",1.07,1.083,1.052,1.073,29840700,1.02355
"2013-11-12",1.068,1.078,1.051,1.053,29044700,1.00447
"2013-11-13",1.042,1.06,1.026,1.059,45344400,1.0102
"2013-11-14",1.07,1.07,1.021,1.056,40659500,1.00733
"2013-11-15",1.03,1.053,0.961,0.994,60871500,0.94819
"2013-11-18",0.98,0.998,0.93,0.981,97166200,0.93579
"2013-11-19",0.98,1.01,0.936,0.936,46529300,0.89286
"2013-11-20",0.935,0.945,0.873,0.9,66125100,0.85852
"2013-11-21",0.89,0.918,0.872,0.904,44566400,0.86234
"2013-11-22",0.913,0.965,0.907,0.956,53135900,0.91194
"2013-11-25",0.969,0.977,0.915,0.922,55982600,0.87951
"2013-11-26",0.92,0.937,0.904,0.913,53323900,0.87092
"2013-11-27",0.92,0.959,0.914,0.954,45493500,0.91003
"2013-11-28",0.957,0.99,0.954,0.986,57661100,0.94056
"2013-11-29",0.981,1.004,0.97,0.971,49064000,0.92625
"2013-12-02",0.974,0.979,0.946,0.948,35361600,0.90431
"2013-12-03",0.944,0.965,0.922,0.938,32506300,0.89477
"2013-12-04",0.932,0.946,0.912,0.94,45617100,0.89668
"2013-12-05",0.94,0.958,0.903,0.914,55731000,0.87188
"2013-12-06",0.914,0.929,0.9,0.919,27537900,0.87665
"2013-12-09",0.925,0.994,0.917,0.984,70061600,0.93865
"2013-12-10",0.983,1.037,0.982,1.033,61918300,0.98539
"2013-12-11",1.037,1.056,1.015,1.016,63467800,0.96918
"2013-12-12",1.015,1.031,0.988,1.016,33333600,0.96918
"2013-12-13",1.017,1.04,1.012,1.028,35733900,0.98062
"2013-12-16",1.028,1.067,1.025,1.065,41465500,1.01592
"2013-12-17",1.066,1.075,1.05,1.05,52423800,1.00161
"2013-12-18",1.06,1.082,1.053,1.073,46416300,1.02355
"2013-12-19",1.092,1.094,1.074,1.091,49040500,1.04072
"2013-12-20",1.09,1.12,1.072,1.12,184879800,1.06838
"2013-12-23",1.117,1.158,1.101,1.153,48467800,1.09986
"2013-12-24",1.153,1.181,1.153,1.165,33320800,1.11131
"2013-12-25",1.165,1.165,1.165,1.165,0,1.11131
"2013-12-26",1.165,1.165,1.165,1.165,0,1.11131
"2013-12-27",1.18,1.19,1.171,1.19,52221100,1.13516
"2013-12-30",1.199,1.239,1.197,1.237,60861100,1.17999
"2013-12-31",1.239,1.246,1.215,1.234,27968000,1.17713
"2014-01-01",1.234,1.234,1.234,1.234,0,1.17713
"2014-01-02",1.232,1.245,1.11,1.182,81259000,1.12753
"2014-01-03",1.18,1.209,1.152,1.173,38661100,1.11894
"2014-01-06",1.171,1.22,1.17,1.217,22462200,1.16091
"2014-01-07",1.22,1.276,1.206,1.271,83941600,1.21243
"2014-01-08",1.27,1.288,1.224,1.263,75989300,1.20479
"2014-01-09",1.263,1.295,1.237,1.28,66175500,1.22101
"2014-01-10",1.28,1.3,1.275,1.297,75161800,1.23723
"2014-01-13",1.304,1.333,1.298,1.332,65321500,1.27061
"2014-01-14",1.31,1.35,1.294,1.335,94261700,1.27348
"2014-01-15",1.35,1.378,1.336,1.378,96712900,1.31449
"2014-01-16",1.385,1.388,1.341,1.349,108179000,1.28683
"2014-01-17",1.349,1.366,1.324,1.35,54226000,1.28779
"2014-01-20",1.35,1.377,1.34,1.36,41963200,1.29732
"2014-01-21",1.37,1.371,1.312,1.315,48812000,1.2544
"2014-01-22",1.33,1.346,1.261,1.271,58962200,1.21243
"2014-01-23",1.272,1.327,1.272,1.313,42380000,1.25249
"2014-01-24",1.309,1.314,1.236,1.263,57662600,1.20479
"2014-01-27",1.26,1.274,1.186,1.23,59254000,1.17332
"2014-01-28",1.246,1.304,1.245,1.289,40687300,1.2296
"2014-01-29",1.314,1.34,1.257,1.306,50365800,1.24581
"2014-01-30",1.3,1.318,1.273,1.307,28947200,1.24677
"2014-01-31",1.316,1.324,1.261,1.288,39972700,1.22864
"2014-02-03",1.296,1.32,1.272,1.288,44507900,1.22864
"2014-02-04",1.285,1.331,1.27,1.329,60808100,1.26775
"2014-02-05",1.335,1.35,1.312,1.33,51404600,1.26871
"2014-02-06",1.348,1.369,1.333,1.369,76786200,1.30591
"2014-02-07",1.37,1.399,1.362,1.399,97361300,1.33453
"2014-02-10",1.398,1.4,1.382,1.4,55039400,1.33548
"2014-02-11",1.4,1.475,1.399,1.47,97533700,1.40225
"2014-02-12",1.475,1.5,1.413,1.448,122792300,1.38127
"2014-02-13",1.454,1.495,1.435,1.495,90856300,1.4261
"2014-02-14",1.488,1.493,1.47,1.486,51307700,1.41752
"2014-02-17",1.488,1.5,1.474,1.5,55316000,1.43087
"2014-02-18",1.499,1.52,1.493,1.52,130077600,1.44995
"2014-02-19",1.517,1.573,1.511,1.563,104366500,1.49097
"2014-02-20",1.542,1.578,1.531,1.557,66506000,1.48525
"2014-02-21",1.565,1.57,1.551,1.569,63347900,1.49669
"2014-02-24",1.57,1.577,1.56,1.565,57932900,1.49288
"2014-02-25",1.561,1.594,1.54,1.594,64771100,1.52054
"2014-02-26",1.591,1.6,1.59,1.594,59744500,1.52054
"2014-02-27",1.591,1.597,1.566,1.58,69543600,1.50719
"2014-02-28",1.534,1.535,1.482,1.521,1061045900,1.4509
"2014-03-03",1.487,1.498,1.451,1.475,164166400,1.40702
"2014-03-04",1.494,1.551,1.49,1.548,93729700,1.47666
"2014-03-05",1.552,1.588,1.55,1.58,136401500,1.50719
"2014-03-06",1.592,1.598,1.585,1.591,90461000,1.51768
"2014-03-07",1.589,1.592,1.575,1.58,58136000,1.50719
"2014-03-10",1.59,1.623,1.587,1.607,90679800,1.53294
"2014-03-11",1.615,1.627,1.562,1.575,52855100,1.50242
"2014-03-12",1.57,1.577,1.521,1.531,72154000,1.46044
"2014-03-13",1.548,1.56,1.501,1.501,50792700,1.43183
"2014-03-14",1.482,1.494,1.426,1.463,103632700,1.39558
"2014-03-17",1.46,1.542,1.455,1.539,62570400,1.46808
"2014-03-18",1.55,1.568,1.517,1.524,55494900,1.45377
"2014-03-19",1.534,1.539,1.495,1.518,43485000,1.44804
"2014-03-20",1.505,1.53,1.486,1.514,43880300,1.44423
"2014-03-21",1.521,1.532,1.496,1.514,155537800,1.44423
"2014-03-24",1.51,1.514,1.431,1.434,72300900,1.36791
"2014-03-25",1.449,1.473,1.432,1.447,54980400,1.38031
"2014-03-26",1.463,1.51,1.443,1.5,46402600,1.43087
"2014-03-27",1.491,1.522,1.476,1.519,32300300,1.449
"2014-03-28",1.528,1.549,1.525,1.534,53819100,1.46331
"2014-03-31",1.536,1.552,1.515,1.532,43404000,1.4614
"2014-04-01",1.539,1.549,1.519,1.529,64715400,1.45854
"2014-04-02",1.539,1.541,1.484,1.489,45531600,1.42038
"2014-04-03",1.493,1.533,1.493,1.525,44146600,1.45472
"2014-04-04",1.535,1.554,1.514,1.553,64997900,1.48143
"2014-04-07",1.53,1.554,1.523,1.539,26939100,1.46808
"2014-04-08",1.546,1.546,1.473,1.484,59536000,1.41561
"2014-04-09",1.49,1.52,1.48,1.484,35384400,1.41561
"2014-04-10",1.501,1.507,1.47,1.477,35212300,1.40893
"2014-04-11",1.46,1.483,1.431,1.472,39485600,1.40416
"2014-04-14",1.454,1.457,1.402,1.438,47667600,1.37173
"2014-04-15",1.44,1.447,1.405,1.407,28253300,1.34216
"2014-04-16",1.423,1.47,1.416,1.47,28705400,1.40225
"2014-04-17",1.486,1.509,1.466,1.504,31361600,1.43469
"2014-04-18",1.504,1.504,1.504,1.504,0,1.43469
"2014-04-21",1.504,1.504,1.504,1.504,0,1.43469
"2014-04-22",1.509,1.517,1.47,1.516,32188800,1.44613
"2014-04-23",1.507,1.53,1.501,1.518,32490500,1.44804
"2014-04-24",1.527,1.539,1.48,1.503,35588800,1.43373
"2014-04-25",1.49,1.501,1.46,1.469,25045500,1.4013
"2014-04-28",1.486,1.504,1.425,1.437,52187300,1.37078
"2014-04-29",1.458,1.469,1.438,1.46,36000600,1.39272
"2014-04-30",1.45,1.483,1.448,1.469,32015600,1.4013
"2014-05-01",1.469,1.469,1.469,1.469,0,1.4013
"2014-05-02",1.462,1.473,1.445,1.447,23891400,1.38031
"2014-05-05",1.447,1.45,1.425,1.445,24025900,1.37841
"2014-05-06",1.452,1.458,1.432,1.447,32769700,1.38031
"2014-05-07",1.44,1.45,1.411,1.416,39098100,1.35074
"2014-05-08",1.432,1.442,1.407,1.436,34676500,1.36982
"2014-05-09",1.439,1.445,1.386,1.396,43796300,1.33167
"2014-05-12",1.408,1.449,1.4,1.445,65819100,1.37841
"2014-05-13",1.454,1.49,1.451,1.474,71631500,1.40607
"2014-05-14",1.482,1.492,1.457,1.474,42207000,1.40607
"2014-05-15",1.475,1.483,1.43,1.444,59088400,1.37745
"2014-05-16",1.442,1.484,1.422,1.482,58819200,1.4137
"2014-05-19",1.48,1.487,1.43,1.438,57001800,1.37173
"2014-05-20",1.438,1.475,1.423,1.474,49868300,1.40607
"2014-05-21",1.462,1.48,1.447,1.47,30030300,1.40225
"2014-05-22",1.478,1.483,1.441,1.447,30540900,1.38031
"2014-05-23",1.451,1.465,1.436,1.461,31582600,1.39367
"2014-05-26",1.465,1.48,1.458,1.471,20651500,1.40321
"2014-05-27",1.468,1.482,1.467,1.472,44028100,1.40416
"2014-05-28",1.475,1.51,1.462,1.501,61824300,1.43183
"2014-05-29",1.483,1.493,1.447,1.471,55399700,1.40321
"2014-05-30",1.469,1.5,1.467,1.491,77501600,1.42229
"2014-06-02",1.494,1.5,1.489,1.497,32269600,1.42801
"2014-06-03",1.494,1.499,1.466,1.478,27462400,1.40989
"2014-06-04",1.475,1.493,1.469,1.487,19347400,1.41847
"2014-06-05",1.49,1.52,1.48,1.503,68261600,1.43373
"2014-06-06",1.513,1.517,1.493,1.513,49027600,1.44327
"2014-06-09",1.514,1.539,1.512,1.529,42124600,1.45854
"2014-06-10",1.527,1.535,1.502,1.508,33454300,1.4385
"2014-06-11",1.51,1.517,1.46,1.472,37388200,1.40416
"2014-06-12",1.475,1.495,1.472,1.49,34107000,1.42133
"2014-06-13",1.481,1.507,1.473,1.502,27436700,1.43278
"2014-06-16",1.492,1.507,1.47,1.47,29308200,1.40225
"2014-06-17",1.486,1.498,1.475,1.494,32596800,1.42515
"2014-06-18",1.497,1.505,1.492,1.499,27213500,1.42992
"2014-06-19",1.51,1.513,1.472,1.475,27830900,1.40702
"2014-06-20",1.477,1.489,1.461,1.469,43812200,1.4013
"2014-06-23",1.478,1.484,1.462,1.469,25914200,1.4013
"2014-06-24",1.473,1.479,1.439,1.439,32383000,1.37268
"2014-06-25",1.431,1.454,1.401,1.42,70436500,1.35456
"2014-06-26",1.424,1.443,1.406,1.418,32623500,1.35265
"2014-06-27",1.419,1.439,1.414,1.419,21606300,1.35361
"2014-06-30",1.427,1.433,1.4,1.416,23009100,1.35074
"2014-07-01",1.42,1.443,1.42,1.439,24797200,1.37268
"2014-07-02",1.446,1.452,1.431,1.442,19903100,1.37555
"2014-07-03",1.44,1.46,1.426,1.454,24365600,1.38699
"2014-07-04",1.455,1.461,1.44,1.443,13215800,1.3765
"2014-07-07",1.437,1.45,1.43,1.437,14945000,1.37078
"2014-07-08",1.434,1.442,1.391,1.399,41890200,1.33453
"2014-07-09",1.4,1.436,1.4,1.434,37025400,1.36791
"2014-07-10",1.436,1.436,1.357,1.417,55868100,1.3517
"2014-07-11",1.421,1.45,1.39,1.399,29684400,1.33453
"2014-07-14",1.41,1.426,1.372,1.413,39867200,1.34788
"2014-07-15",1.409,1.414,1.354,1.367,39442200,1.304
"2014-07-16",1.377,1.402,1.358,1.399,25363700,1.33453
"2014-07-17",1.391,1.397,1.373,1.382,17548800,1.31831
"2014-07-18",1.372,1.385,1.36,1.385,20320100,1.32117
"2014-07-21",1.385,1.385,1.36,1.367,14794400,1.304
"2014-07-22",1.377,1.389,1.367,1.375,20954500,1.31163
"2014-07-23",1.374,1.399,1.37,1.384,34203700,1.32022
"2014-07-24",1.387,1.46,1.379,1.46,54147500,1.39272
"2014-07-25",1.459,1.466,1.437,1.45,39808800,1.38318
"2014-07-28",1.475,1.486,1.46,1.469,50785300,1.4013
"2014-07-29",1.472,1.48,1.448,1.477,29915400,1.40893
"2014-07-30",1.477,1.495,1.473,1.484,38207900,1.41561
"2014-07-31",1.482,1.486,1.456,1.471,39349900,1.40321
"2014-08-01",1.462,1.465,1.417,1.419,30223400,1.35361
"2014-08-04",1.43,1.452,1.418,1.426,26515000,1.36028
"2014-08-05",1.436,1.464,1.406,1.411,43901900,1.34597
"2014-08-06",1.402,1.411,1.361,1.384,35326100,1.32022
"2014-08-07",1.386,1.401,1.361,1.363,31278600,1.30019
"2014-08-08",1.355,1.386,1.333,1.37,35650600,1.30686
"2014-08-11",1.39,1.4,1.362,1.376,15466500,1.31259
"2014-08-12",1.376,1.414,1.372,1.394,18428100,1.32976
"2014-08-13",1.401,1.41,1.391,1.408,15241700,1.34311
"2014-08-14",1.407,1.422,1.385,1.402,18484300,1.33739
"2014-08-15",1.402,1.428,1.39,1.4,21412000,1.33548
"2014-08-18",1.42,1.429,1.405,1.428,17204700,1.36219
"2014-08-19",1.43,1.45,1.424,1.447,21763900,1.38031
"2014-08-20",1.44,1.456,1.426,1.453,20030200,1.38604
"2014-08-21",1.451,1.466,1.442,1.46,18110600,1.39272
"2014-08-22",1.462,1.472,1.432,1.444,20777600,1.37745
"2014-08-25",1.458,1.477,1.447,1.475,23562600,1.40702
"2014-08-26",1.473,1.499,1.467,1.499,45372600,1.42992
"2014-08-27",1.499,1.504,1.49,1.501,49642000,1.43183
"2014-08-28",1.492,1.5,1.462,1.466,21633800,1.39844
"2014-08-29",1.463,1.485,1.456,1.472,18345000,1.40416
"2014-09-01",1.479,1.479,1.453,1.466,13765800,1.39844
"2014-09-02",1.47,1.49,1.466,1.485,17972200,1.41656
"2014-09-03",1.489,1.504,1.488,1.498,47020600,1.42896
"2014-09-04",1.494,1.519,1.487,1.513,72348100,1.44327
"2014-09-05",1.51,1.53,1.51,1.529,45126100,1.45854
"2014-09-08",1.53,1.54,1.513,1.527,27990100,1.45663
"2014-09-09",1.526,1.533,1.487,1.488,23621500,1.41943
"2014-09-10",1.491,1.513,1.482,1.505,19510100,1.43564
"2014-09-11",1.513,1.52,1.498,1.504,17762500,1.43469
"2014-09-12",1.51,1.513,1.493,1.501,11563300,1.43183
"2014-09-15",1.493,1.504,1.479,1.481,16882400,1.41275
"2014-09-16",1.487,1.493,1.46,1.488,23006800,1.41943
"2014-09-17",1.497,1.534,1.492,1.522,29584700,1.45186
"2014-09-18",1.527,1.545,1.523,1.532,34340600,1.4614
"2014-09-19",1.547,1.55,1.522,1.534,42572400,1.46331
"2014-09-22",1.52,1.529,1.507,1.522,22291900,1.45186
"2014-09-23",1.514,1.52,1.498,1.5,30099500,1.43087
"2014-09-24",1.5,1.511,1.476,1.496,25197800,1.42706
"2014-09-25",1.498,1.518,1.487,1.495,27324800,1.4261
"2014-09-26",1.489,1.514,1.477,1.508,17025500,1.4385
"2014-09-29",1.502,1.506,1.463,1.47,28076100,1.40225
"2014-09-30",1.476,1.49,1.465,1.478,26156500,1.40989
"2014-10-01",1.472,1.495,1.47,1.474,27479700,1.40607
"2014-10-02",1.472,1.491,1.43,1.43,44449200,1.3641
"2014-10-03",1.449,1.456,1.43,1.453,25373100,1.38604
"2014-10-06",1.465,1.473,1.453,1.456,14943200,1.3889
"2014-10-07",1.452,1.456,1.42,1.42,27247300,1.35456
"2014-10-08",1.411,1.423,1.385,1.391,42291300,1.3269
"2014-10-09",1.42,1.422,1.362,1.369,39864400,1.30591
"2014-10-10",1.36,1.389,1.351,1.359,36482600,1.29637
"2014-10-13",1.355,1.397,1.353,1.368,27814800,1.30496
"2014-10-14",1.36,1.376,1.321,1.366,47544700,1.30305
"2014-10-15",1.363,1.366,1.274,1.31,63992500,1.24963
"2014-10-16",1.325,1.334,1.25,1.28,74265700,1.22101
"2014-10-17",1.296,1.34,1.265,1.335,50100300,1.27348
"2014-10-20",1.337,1.347,1.317,1.345,24364600,1.28302
"2014-10-21",1.34,1.393,1.334,1.38,43586800,1.3164
"2014-10-22",1.38,1.403,1.362,1.403,46181900,1.33834
"2014-10-23",1.404,1.435,1.382,1.43,38787900,1.3641
"2014-10-24",1.435,1.47,1.432,1.46,46425000,1.39272
"2014-10-27",1.491,1.491,1.402,1.432,50489400,1.36601
"2014-10-28",1.438,1.447,1.421,1.432,48424100,1.36601
"2014-10-29",1.438,1.439,1.391,1.399,33253800,1.33453
"2014-10-30",1.404,1.415,1.35,1.395,35643300,1.33071
"2014-10-31",1.422,1.434,1.39,1.427,35915300,1.36124
"2014-11-03",1.424,1.427,1.376,1.382,35594800,1.31831
"2014-11-04",1.383,1.395,1.342,1.347,32663800,1.28492
"2014-11-05",1.371,1.371,1.34,1.349,26332200,1.28683
"2014-11-06",1.347,1.393,1.321,1.338,37477300,1.27634
"2014-11-07",1.341,1.348,1.294,1.313,34361700,1.25249
"2014-11-10",1.313,1.327,1.3,1.327,18153000,1.26585
"2014-11-11",1.327,1.367,1.327,1.348,24261100,1.28588
"2014-11-12",1.349,1.357,1.305,1.311,28462700,1.25058
"2014-11-13",1.315,1.325,1.273,1.302,27482300,1.242
"2014-11-14",1.31,1.313,1.289,1.312,15964200,1.25154
"2014-11-17",1.297,1.365,1.294,1.362,45670500,1.29923
"2014-11-18",1.365,1.385,1.363,1.37,103649100,1.30686
"2014-11-19",1.374,1.389,1.364,1.378,33946600,1.31449
"2014-11-20",1.375,1.375,1.317,1.33,30334800,1.26871
"2014-11-21",1.325,1.374,1.325,1.37,35719800,1.30686
"2014-11-24",1.373,1.419,1.364,1.414,36338700,1.34884
"2014-11-25",1.4,1.425,1.38,1.39,47344700,1.32594
"2014-11-26",1.397,1.406,1.387,1.39,19016500,1.32594
"2014-11-27",1.398,1.418,1.393,1.413,19533000,1.34788
"2014-11-28",1.407,1.417,1.396,1.41,20987800,1.34502
"2014-12-01",1.404,1.407,1.36,1.362,26702000,1.29923
"2014-12-02",1.37,1.403,1.365,1.399,27701900,1.33453
"2014-12-03",1.404,1.422,1.4,1.418,34456900,1.35265
"2014-12-04",1.425,1.429,1.332,1.333,63703300,1.27157
"2014-12-05",1.295,1.341,1.272,1.333,95948100,1.27157
"2014-12-08",1.33,1.359,1.322,1.343,33246800,1.28111
"2014-12-09",1.331,1.332,1.292,1.294,32465400,1.23437
"2014-12-10",1.31,1.323,1.286,1.3,23667700,1.24009
"2014-12-11",1.293,1.317,1.286,1.315,43456000,1.2544
"2014-12-12",1.301,1.317,1.28,1.281,26665500,1.22196
"2014-12-15",1.28,1.298,1.237,1.241,29804800,1.18381
"2014-12-16",1.251,1.27,1.195,1.266,79667400,1.20766
"2014-12-17",1.261,1.266,1.229,1.249,36511500,1.19144
"2014-12-18",1.264,1.341,1.264,1.324,53535400,1.26298
"2014-12-19",1.339,1.343,1.255,1.264,44084800,1.20575
"2014-12-22",1.27,1.285,1.252,1.264,23393100,1.20575
"2014-12-23",1.264,1.293,1.253,1.29,40152300,1.23055
"2014-12-24",1.287,1.298,1.274,1.296,6550200,1.23627
"2014-12-25",1.296,1.296,1.296,1.296,0,1.23627
"2014-12-26",1.296,1.296,1.296,1.296,0,1.23627
"2014-12-29",1.283,1.29,1.224,1.249,27426600,1.19144
"2014-12-30",1.245,1.248,1.206,1.237,29674700,1.17999
"2014-12-31",1.234,1.247,1.23,1.238,17990700,1.18095
"2015-01-01",1.238,1.238,1.238,1.238,0,1.18095
"2015-01-02",1.255,1.289,1.241,1.267,22291900,1.20861
"2015-01-05",1.261,1.283,1.219,1.223,32516900,1.16664
"2015-01-06",1.225,1.256,1.203,1.215,45699800,1.15901
"2015-01-07",1.225,1.229,1.189,1.192,33997700,1.13707
"2015-01-08",1.218,1.264,1.196,1.218,75559100,1.16187
"2015-01-09",1.2,1.233,1.167,1.197,53708500,1.14184
"2015-01-12",1.208,1.213,1.182,1.195,27439000,1.13993
"2015-01-13",1.198,1.204,1.18,1.199,31053800,1.14374
"2015-01-14",1.184,1.233,1.18,1.197,37743000,1.14184
"2015-01-15",1.205,1.222,1.186,1.202,45931000,1.14661
"2015-01-16",1.199,1.224,1.195,1.219,41521600,1.16282
"2015-01-19",1.225,1.24,1.211,1.229,21924100,1.17236
"2015-01-20",1.238,1.251,1.233,1.245,38628000,1.18762
"2015-01-21",1.259,1.26,1.205,1.238,39148600,1.18095
"2015-01-22",1.243,1.273,1.24,1.26,56836700,1.20193
"2015-01-23",1.27,1.273,1.196,1.196,48055300,1.14088
"2015-01-26",1.184,1.213,1.171,1.207,50857500,1.15138
"2015-01-27",1.211,1.22,1.181,1.194,32006100,1.13897
"2015-01-28",1.204,1.206,1.151,1.16,44074800,1.10654
"2015-01-29",1.151,1.205,1.143,1.204,44134500,1.14851
"2015-01-30",1.205,1.206,1.145,1.16,49722500,1.10654
"2015-02-02",1.159,1.16,1.068,1.152,80218000,1.09891
"2015-02-03",1.173,1.235,1.172,1.22,113199600,1.16378
"2015-02-04",1.22,1.234,1.195,1.204,52563700,1.14851
"2015-02-05",1.186,1.187,1.167,1.179,42798100,1.12467
"2015-02-06",1.19,1.221,1.19,1.216,51246200,1.15996
"2015-02-09",1.204,1.21,1.163,1.171,41416900,1.11703
"2015-02-10",1.176,1.185,1.156,1.17,39096600,1.11608
"2015-02-11",1.179,1.184,1.162,1.168,46376000,1.11417
"2015-02-12",1.169,1.182,1.165,1.17,59407100,1.11608
"2015-02-13",1.181,1.25,1.177,1.235,133368900,1.17808
"2015-02-16",1.225,1.262,1.222,1.249,40494100,1.19144
"2015-02-17",1.22,1.247,1.213,1.232,33582700,1.17522
"2015-02-18",1.246,1.254,1.24,1.244,41573900,1.18667
"2015-02-19",1.243,1.251,1.222,1.237,49293000,1.17999
"2015-02-20",1.239,1.245,1.231,1.241,49893800,1.18381
"2015-02-23",1.257,1.268,1.246,1.253,52213500,1.19526
"2015-02-24",1.253,1.264,1.246,1.247,33060300,1.18953
"2015-02-25",1.249,1.254,1.217,1.224,30605100,1.16759
"2015-02-26",1.219,1.26,1.219,1.239,42863500,1.1819
"2015-02-27",1.247,1.302,1.236,1.298,87073600,1.23818
"2015-03-02",1.34,1.375,1.317,1.34,114247300,1.27825
"2015-03-03",1.347,1.348,1.302,1.308,40588100,1.24772
"2015-03-04",1.311,1.322,1.285,1.31,38106600,1.24963
"2015-03-05",1.314,1.334,1.303,1.331,46481600,1.26966
"2015-03-06",1.335,1.347,1.332,1.342,44032900,1.28015
"2015-03-09",1.333,1.345,1.32,1.344,57702100,1.28206
"2015-03-10",1.344,1.349,1.332,1.343,41007600,1.28111
"2015-03-11",1.349,1.37,1.346,1.36,40366800,1.29732
"2015-03-12",1.356,1.367,1.35,1.355,40029100,1.29255
"2015-03-13",1.357,1.364,1.341,1.356,29863200,1.29351
"2015-03-16",1.359,1.368,1.353,1.354,20933900,1.2916
"2015-03-17",1.348,1.352,1.315,1.33,36750900,1.26871
"2015-03-18",1.331,1.335,1.303,1.316,31822000,1.25535
"2015-03-19",1.324,1.333,1.306,1.313,41515500,1.25249
"2015-03-20",1.32,1.367,1.311,1.358,47576600,1.29542
"2015-03-23",1.34,1.361,1.335,1.345,62629000,1.28302
"2015-03-24",1.345,1.35,1.337,1.344,47161800,1.28206
"2015-03-25",1.34,1.353,1.34,1.341,67990700,1.2792
"2015-03-26",1.335,1.338,1.324,1.333,32376100,1.27157
"2015-03-27",1.335,1.339,1.323,1.325,27686700,1.26394
"2015-03-30",1.327,1.332,1.309,1.311,49795400,1.25058
"2015-03-31",1.311,1.319,1.29,1.298,35644300,1.23818
"2015-04-01",1.294,1.326,1.294,1.319,36839900,1.25821
"2015-04-02",1.319,1.328,1.31,1.326,50204600,1.26489
"2015-04-03",1.326,1.326,1.326,1.326,0,1.26489
"2015-04-06",1.326,1.326,1.326,1.326,0,1.26489
"2015-04-07",1.33,1.331,1.31,1.311,45229100,1.25058
"2015-04-08",1.315,1.325,1.303,1.305,56034400,1.24486
"2015-04-09",1.309,1.312,1.27,1.285,52582600,1.22578
"2015-04-10",1.283,1.29,1.272,1.276,33937300,1.2172
"2015-04-13",1.28,1.288,1.276,1.28,24879100,1.22101
"2015-04-14",1.28,1.304,1.268,1.277,44833200,1.21815
"2015-04-15",1.282,1.3,1.277,1.287,30788100,1.22769
"2015-04-16",1.286,1.287,1.257,1.263,27314200,1.20479
"2015-04-17",1.258,1.262,1.22,1.226,97472500,1.1695
"2015-04-20",1.23,1.234,1.211,1.224,30125200,1.16759
"2015-04-21",1.223,1.244,1.222,1.234,33319700,1.17713
"2015-04-22",1.24,1.247,1.224,1.24,37025200,1.18285
"2015-04-23",1.245,1.278,1.231,1.275,49801900,1.21624
"2015-04-24",1.279,1.335,1.266,1.293,71481100,1.23341
"2015-04-27",1.3,1.304,1.254,1.271,56212700,1.21243
"2015-04-28",1.265,1.265,1.228,1.238,68678000,1.18095
"2015-04-29",1.236,1.239,1.21,1.21,57467200,1.15424
"2015-04-30",1.215,1.249,1.205,1.247,54740000,1.18953
"2015-05-01",1.247,1.247,1.247,1.247,0,1.18953
"2015-05-04",1.248,1.26,1.231,1.235,26036600,1.17808
"2015-05-05",1.234,1.24,1.213,1.213,34792800,1.1571
"2015-05-06",1.213,1.23,1.206,1.219,38254700,1.16282
"2015-05-07",1.211,1.23,1.201,1.214,32981700,1.15805
"2015-05-08",1.221,1.227,1.209,1.219,58018300,1.16282
"2015-05-11",1.221,1.237,1.217,1.231,24118200,1.17427
"2015-05-12",1.225,1.23,1.219,1.22,22641000,1.16378
"2015-05-13",1.223,1.248,1.223,1.238,28407500,1.18095
"2015-05-14",1.232,1.24,1.228,1.235,32637500,1.17808
"2015-05-15",1.24,1.241,1.222,1.223,24250300,1.16664
"2015-05-18",1.225,1.227,1.211,1.212,21152600,1.15614
"2015-05-19",1.22,1.231,1.217,1.221,35396900,1.16473
"2015-05-20",1.212,1.224,1.205,1.211,27993600,1.15519
"2015-05-21",1.204,1.218,1.204,1.212,64241100,1.15614
"2015-05-22",1.215,1.224,1.21,1.213,28834600,1.1571
"2015-05-25",1.205,1.212,1.166,1.183,30725100,1.12848
"2015-05-26",1.176,1.188,1.154,1.18,35240400,1.12562
"2015-05-27",1.185,1.213,1.175,1.211,37125100,1.15519
"2015-05-28",1.21,1.216,1.19,1.2,16001500,1.1447
"2015-05-29",1.195,1.199,1.175,1.177,22397900,1.12276
"2015-06-01",1.181,1.188,1.167,1.177,23465900,1.12276
"2015-06-02",1.176,1.199,1.169,1.189,22625400,1.1342
"2015-06-03",1.19,1.204,1.181,1.197,20817200,1.14184
"2015-06-04",1.19,1.207,1.173,1.186,23144800,1.13134
"2015-06-05",1.175,1.182,1.165,1.171,19917600,1.11703
"2015-06-08",1.17,1.174,1.154,1.154,20605200,1.10082
"2015-06-09",1.152,1.158,1.132,1.157,57600200,1.10368
"2015-06-10",1.157,1.178,1.146,1.171,34056800,1.11703
"2015-06-11",1.173,1.188,1.167,1.178,25204800,1.12371
"2015-06-12",1.176,1.181,1.152,1.164,16411700,1.11036
"2015-06-15",1.152,1.158,1.14,1.146,21564900,1.09319
"2015-06-16",1.137,1.144,1.11,1.142,28588700,1.08937
"2015-06-17",1.145,1.152,1.131,1.14,15838500,1.08746
"2015-06-18",1.135,1.149,1.13,1.147,38461800,1.09414
"2015-06-19",1.149,1.163,1.14,1.145,24008500,1.09223
"2015-06-22",1.175,1.189,1.159,1.186,30291400,1.13134
"2015-06-23",1.195,1.2,1.187,1.191,29412900,1.13611
"2015-06-24",1.195,1.195,1.169,1.183,12436600,1.12848
"2015-06-25",1.174,1.19,1.162,1.167,30291000,1.11322
"2015-06-26",1.16,1.18,1.155,1.176,15417800,1.1218
"2015-06-29",1.06,1.133,1.05,1.126,46549000,1.07411
"2015-06-30",1.12,1.151,1.113,1.138,49787200,1.08556
"2015-07-01",1.16,1.165,1.136,1.151,35666200,1.09796
"2015-07-02",1.15,1.155,1.135,1.141,25471300,1.08842
"2015-07-03",1.14,1.143,1.118,1.125,33931000,1.07315
"2015-07-06",1.104,1.113,1.064,1.083,55850900,1.03309
"2015-07-07",1.077,1.087,1.051,1.054,35656300,1.02201
"2015-07-08",1.057,1.065,1.047,1.057,49765300,1.02492
"2015-07-09",1.067,1.107,1.062,1.088,56780400,1.05498
"2015-07-10",1.119,1.129,1.104,1.125,53433500,1.09086
"2015-07-13",1.137,1.158,1.135,1.155,68285500,1.11995
"2015-07-14",1.16,1.163,1.152,1.161,34962000,1.12577
"2015-07-15",1.168,1.183,1.162,1.172,27883500,1.13643
"2015-07-16",1.172,1.196,1.172,1.192,28631100,1.15583
"2015-07-17",1.194,1.195,1.173,1.173,22046000,1.1374
"2015-07-20",1.193,1.2,1.182,1.197,23191900,1.16067
"2015-07-21",1.199,1.213,1.195,1.21,39690800,1.17328
"2015-07-22",1.206,1.24,1.204,1.225,40462600,1.18783
"2015-07-23",1.235,1.239,1.22,1.235,34162600,1.19752
"2015-07-24",1.235,1.238,1.203,1.214,55128900,1.17716
"2015-07-27",1.201,1.257,1.198,1.238,65814800,1.20043
"2015-07-28",1.25,1.25,1.231,1.246,23287900,1.20819
"2015-07-29",1.247,1.248,1.211,1.215,26060500,1.17813
"2015-07-30",1.224,1.226,1.201,1.208,32641100,1.17134
"2015-07-31",1.206,1.209,1.183,1.203,20781900,1.16649
"2015-08-03",1.2,1.207,1.185,1.201,12956900,1.16455
"2015-08-04",1.196,1.199,1.157,1.166,23773100,1.13062
"2015-08-05",1.17,1.189,1.161,1.176,16759500,1.14031
"2015-08-06",1.175,1.18,1.164,1.17,12615700,1.13449
"2015-08-07",1.17,1.178,1.158,1.16,13681800,1.1248
"2015-08-10",1.163,1.172,1.15,1.166,20824000,1.13062
"2015-08-11",1.166,1.168,1.152,1.156,17927200,1.12092
"2015-08-12",1.15,1.157,1.137,1.14,16353600,1.1054
"2015-08-13",1.159,1.163,1.151,1.156,28796700,1.12092
"2015-08-14",1.157,1.162,1.127,1.128,13892000,1.09377
"2015-08-17",1.139,1.139,1.11,1.116,16838700,1.08213
"2015-08-18",1.115,1.123,1.105,1.12,12638300,1.08601
"2015-08-19",1.116,1.13,1.11,1.116,18351100,1.08213
"2015-08-20",1.112,1.123,1.084,1.094,32773800,1.0608
"2015-08-21",1.075,1.107,1.069,1.069,22152900,1.03656
"2015-08-24",1.042,1.056,0.99,1.019,48136100,0.98808
"2015-08-25",1.031,1.051,1.019,1.034,37543600,1.00262
"2015-08-26",1.03,1.054,1.021,1.043,25776700,1.01135
"2015-08-27",1.07,1.086,1.056,1.08,18488300,1.04723
"2015-08-28",1.08,1.091,1.062,1.09,21353400,1.05692
"2015-08-31",1.083,1.089,1.074,1.077,14813400,1.04432
"2015-09-01",1.064,1.072,1.044,1.051,24543100,1.01911
"2015-09-02",1.051,1.065,1.033,1.048,16591600,1.0162
"2015-09-03",1.063,1.063,1.041,1.058,34257300,1.02589
"2015-09-04",1.048,1.048,1.006,1.02,28839300,0.98905
"2015-09-07",1.025,1.029,1.005,1.011,15627400,0.98032
"2015-09-08",1.015,1.024,1.01,1.013,17984800,0.98226
"2015-09-09",1.034,1.042,1.025,1.034,24761600,1.00262
"2015-09-10",1.027,1.033,1.011,1.03,16099500,0.99874
"2015-09-11",1.032,1.032,1.017,1.02,13376100,0.98905
"2015-09-14",1.02,1.032,1.005,1.013,12729100,0.98226
"2015-09-15",1.014,1.046,1.013,1.046,30812300,1.01426
"2015-09-16",1.049,1.067,1.049,1.06,26410800,1.02783
"2015-09-17",1.081,1.17,1.08,1.158,58857700,1.12286
"2015-09-18",1.147,1.147,1.114,1.127,41948600,1.0928
"2015-09-21",1.127,1.134,1.108,1.116,16975600,1.08213
"2015-09-22",1.12,1.12,1.077,1.095,20880300,1.06177
"2015-09-23",1.09,1.104,1.087,1.091,30347600,1.05789
"2015-09-24",1.09,1.105,1.07,1.08,19395700,1.04723
"2015-09-25",1.1,1.102,1.085,1.097,17408700,1.06371
"2015-09-28",1.096,1.13,1.086,1.112,24720900,1.07825
"2015-09-29",1.102,1.179,1.094,1.17,48030100,1.13449
"2015-09-30",1.189,1.189,1.149,1.158,35230800,1.12286
"2015-10-01",1.171,1.171,1.136,1.138,28866100,1.10347
"2015-10-02",1.148,1.179,1.129,1.152,46901100,1.11704
"2015-10-05",1.171,1.181,1.151,1.18,23176800,1.14419
"2015-10-06",1.185,1.249,1.178,1.239,43959700,1.2014
"2015-10-07",1.24,1.248,1.218,1.232,47255100,1.19461
"2015-10-08",1.232,1.249,1.225,1.248,37851200,1.21013
"2015-10-09",1.25,1.26,1.209,1.228,55544000,1.19073
"2015-10-12",1.228,1.237,1.201,1.206,25826100,1.1694
"2015-10-13",1.203,1.206,1.176,1.189,44966200,1.15292
"2015-10-14",1.18,1.199,1.176,1.189,14632000,1.15292
"2015-10-15",1.193,1.205,1.193,1.203,19278100,1.16649
"2015-10-16",1.21,1.218,1.203,1.205,18034700,1.16843
"2015-10-19",1.201,1.218,1.196,1.209,12541600,1.17231
"2015-10-20",1.21,1.215,1.177,1.199,14001700,1.16261
"2015-10-21",1.199,1.223,1.181,1.22,18591200,1.18298
"2015-10-22",1.214,1.218,1.195,1.208,21767900,1.17134
"2015-10-23",1.218,1.219,1.16,1.164,34232900,1.12868
"2015-10-26",1.17,1.21,1.167,1.197,36943500,1.16067
"2015-10-27",1.195,1.195,1.162,1.163,26382400,1.12771
"2015-10-28",1.162,1.179,1.145,1.172,21981900,1.13643
"2015-10-29",1.174,1.18,1.147,1.17,29881800,1.13449
"2015-10-30",1.178,1.178,1.153,1.172,28641400,1.13643
"2015-11-02",1.165,1.213,1.165,1.193,27852000,1.1568
"2015-11-03",1.198,1.212,1.196,1.209,26836300,1.17231
"2015-11-04",1.205,1.205,1.179,1.179,24761200,1.14322
"2015-11-05",1.185,1.185,1.152,1.158,20288000,1.12286
"2015-11-06",1.16,1.179,1.157,1.177,20886100,1.14128
"2015-11-09",1.179,1.185,1.173,1.173,19936400,1.1374
"2015-11-10",1.175,1.179,1.143,1.151,43587600,1.11607
"2015-11-11",1.15,1.171,1.147,1.157,14839600,1.12189
"2015-11-12",1.157,1.16,1.112,1.119,24698300,1.08504
"2015-11-13",1.12,1.138,1.111,1.138,23300600,1.10347
"2015-11-16",1.12,1.144,1.12,1.141,13991500,1.10637
"2015-11-17",1.149,1.165,1.144,1.158,56991600,1.12286
"2015-11-18",1.154,1.165,1.15,1.157,18459600,1.12189
"2015-11-19",1.164,1.173,1.16,1.172,22310900,1.13643
"2015-11-20",1.173,1.177,1.157,1.164,18639900,1.12868
"2015-11-23",1.172,1.199,1.165,1.186,21443800,1.15001
"2015-11-24",1.18,1.191,1.173,1.189,23205900,1.15292
"2015-11-25",1.19,1.192,1.154,1.171,27790200,1.13546
"2015-11-26",1.174,1.19,1.156,1.178,16204100,1.14225
"2015-11-27",1.176,1.178,1.157,1.161,13857400,1.12577
"2015-11-30",1.162,1.186,1.156,1.186,40101600,1.15001
"2015-12-01",1.192,1.215,1.186,1.207,43710300,1.17037
"2015-12-02",1.207,1.225,1.197,1.208,42381200,1.17134
"2015-12-03",1.208,1.233,1.185,1.2,29813000,1.16358
"2015-12-04",1.19,1.217,1.189,1.212,19099100,1.17522
"2015-12-07",1.218,1.218,1.178,1.184,22720200,1.14807
"2015-12-08",1.184,1.186,1.134,1.147,19105800,1.11219
"2015-12-09",1.15,1.155,1.107,1.133,24211500,1.09862
"2015-12-10",1.128,1.144,1.117,1.129,24998100,1.09474
"2015-12-11",1.122,1.13,1.104,1.106,17648100,1.07244
"2015-12-14",1.106,1.117,1.09,1.09,17453800,1.05692
"2015-12-15",1.096,1.125,1.096,1.117,16287500,1.0831
"2015-12-16",1.125,1.132,1.111,1.128,24530400,1.09377
"2015-12-17",1.145,1.17,1.135,1.15,29990400,1.1151
"2015-12-18",1.14,1.154,1.128,1.138,28667100,1.10347
"2015-12-21",1.11,1.118,1.076,1.08,37111800,1.04723
"2015-12-22",1.091,1.101,1.08,1.085,26154900,1.05207
"2015-12-23",1.09,1.1,1.08,1.098,17384700,1.06468
"2015-12-24",1.09,1.099,1.08,1.08,17681700,1.04723
"2015-12-25",1.08,1.08,1.08,1.08,0,1.04723
"2015-12-28",1.08,1.092,1.077,1.08,15267400,1.04723
"2015-12-29",1.08,1.083,1.059,1.065,17406400,1.03268
"2015-12-30",1.06,1.071,1.056,1.065,16050900,1.03268
"2015-12-31",1.061,1.079,1.06,1.074,6614000,1.04141
"2016-01-01",1.074,1.074,1.074,1.074,0,1.04141
"2016-01-04",1.061,1.067,1.034,1.044,25057700,1.01232
"2016-01-05",1.05,1.054,1.037,1.04,16754700,1.00844
"2016-01-06",1.038,1.038,1.011,1.013,25425500,0.98226
"2016-01-07",0.993,1.006,0.978,0.99,43236100,0.95996
"2016-01-08",1,1.014,0.974,0.985,25803200,0.95511
"2016-01-11",0.979,1.012,0.979,0.988,24293600,0.95802
"2016-01-12",0.997,1.012,0.987,0.99,33143700,0.95996
"2016-01-13",1,1.015,0.994,1.012,32862700,0.98129
"2016-01-14",1.001,1.011,0.975,0.989,40691100,0.95899
"2016-01-15",0.987,0.99,0.935,0.943,38429700,0.91438
"2016-01-18",0.939,0.955,0.926,0.936,26361700,0.9076
"2016-01-19",0.96,0.97,0.94,0.945,22525700,0.91632
"2016-01-20",0.925,0.925,0.905,0.915,31516700,0.88723
"2016-01-21",0.913,0.954,0.913,0.943,36104500,0.91438
"2016-01-22",0.972,0.98,0.951,0.967,55809300,0.93765
"2016-01-25",0.973,0.974,0.924,0.927,37868400,0.89887
"2016-01-26",0.912,0.932,0.907,0.929,23621900,0.90081
"2016-01-27",0.921,0.925,0.911,0.921,21429900,0.89305
"2016-01-28",0.911,0.929,0.877,0.887,40666000,0.86008
"2016-01-29",0.895,0.914,0.89,0.914,46437300,0.88626
"2016-02-01",0.96,1,0.928,0.934,74451400,0.90566
"2016-02-02",0.923,0.932,0.863,0.877,52498400,0.85039
"2016-02-03",0.872,0.875,0.823,0.84,41820000,0.81451
"2016-02-04",0.864,0.873,0.83,0.863,32973500,0.83681
"2016-02-05",0.864,0.875,0.842,0.855,29458500,0.82905
"2016-02-08",0.86,0.866,0.791,0.8,31971100,0.77572
"2016-02-09",0.806,0.821,0.768,0.777,37879500,0.75342
"2016-02-10",0.786,0.807,0.773,0.785,73086800,0.76118
"2016-02-11",0.773,0.773,0.723,0.725,71039500,0.703
"2016-02-12",0.733,0.742,0.723,0.74,34717400,0.71754
"2016-02-15",0.757,0.777,0.742,0.77,30371900,0.74663
"2016-02-16",0.779,0.779,0.747,0.764,23862200,0.74082
"2016-02-17",0.764,0.808,0.763,0.8,40353900,0.77572
"2016-02-18",0.809,0.813,0.769,0.774,32960200,0.75051
"2016-02-19",0.774,0.778,0.74,0.742,35814700,0.71948
"2016-02-22",0.756,0.761,0.742,0.749,38994700,0.72627
"2016-02-23",0.746,0.772,0.738,0.76,45376100,0.73694
"2016-02-24",0.76,0.772,0.731,0.734,61800200,0.71173
"2016-02-25",0.746,0.754,0.735,0.738,69194800,0.7156
"2016-02-26",0.749,0.757,0.74,0.751,27306400,0.72821
"2016-02-29",0.743,0.792,0.742,0.786,37539900,0.76215
"2016-03-01",0.782,0.796,0.77,0.792,30961900,0.76797
"2016-03-02",0.8,0.818,0.792,0.817,29146400,0.79221
"2016-03-03",0.816,0.825,0.804,0.822,23404500,0.79705
"2016-03-04",0.826,0.831,0.811,0.82,27518000,0.79512
"2016-03-07",0.83,0.83,0.794,0.814,23110800,0.7893
"2016-03-08",0.819,0.822,0.8,0.81,46446200,0.78542
"2016-03-09",0.813,0.821,0.802,0.812,27130000,0.78736
"2016-03-10",0.818,0.866,0.808,0.834,46984900,0.80869
"2016-03-11",0.854,0.933,0.849,0.929,62873600,0.90081
"2016-03-14",0.94,0.958,0.935,0.94,49455400,0.91147
"2016-03-15",0.944,0.944,0.908,0.918,40022600,0.89014
"2016-03-16",0.925,0.944,0.91,0.937,53949000,0.90857
"2016-03-17",0.944,0.948,0.898,0.91,71449100,0.88238
"2016-03-18",0.917,0.927,0.901,0.926,38163900,0.8979
"2016-03-21",0.915,0.936,0.905,0.914,64336300,0.88626
"2016-03-22",0.914,0.914,0.897,0.914,18270400,0.88626
"2016-03-23",0.918,0.92,0.89,0.896,98272400,0.86881
"2016-03-24",0.89,0.895,0.874,0.878,13940100,0.85136
"2016-03-25",0.878,0.878,0.878,0.878,0,0.85136
"2016-03-28",0.878,0.878,0.878,0.878,0,0.85136
"2016-03-29",0.89,0.898,0.862,0.866,15036300,0.83972
"2016-03-30",0.876,0.887,0.864,0.865,17746200,0.83875
"2016-03-31",0.85,0.853,0.817,0.83,115223500,0.83
"2016-04-01",0.789,0.837,0.785,0.827,28891500,0.827
"2016-04-04",0.828,0.834,0.81,0.816,99972700,0.816
"2016-04-05",0.81,0.817,0.794,0.798,18566100,0.798
"2016-04-06",0.806,0.812,0.791,0.796,18255600,0.796
"2016-04-07",0.8,0.803,0.762,0.766,50535000,0.766
"2016-04-08",0.768,0.798,0.764,0.786,20885400,0.786
"2016-04-11",0.787,0.803,0.776,0.789,19409100,0.789
"2016-04-12",0.79,0.797,0.767,0.778,38220400,0.778
"2016-04-13",0.8,0.832,0.787,0.832,34557100,0.832
"2016-04-14",0.838,0.853,0.817,0.853,27447100,0.853
"2016-04-15",0.846,0.862,0.837,0.858,32809200,0.858
"2016-04-18",0.842,0.883,0.835,0.877,28355200,0.877
"2016-04-19",0.88,0.886,0.836,0.836,41814800,0.836
"2016-04-20",0.838,0.865,0.836,0.859,23272500,0.859
"2016-04-21",0.868,0.893,0.863,0.89,25672300,0.89
"2016-04-22",0.887,0.905,0.878,0.898,70921900,0.898
"2016-04-25",0.899,0.902,0.869,0.871,20110700,0.871
"2016-04-26",0.872,0.901,0.872,0.887,28840300,0.887
"2016-04-27",0.884,0.9,0.851,0.857,33785000,0.857
"2016-04-28",0.855,0.86,0.841,0.843,36574300,0.843
"2016-04-29",0.843,0.855,0.809,0.813,36315500,0.813
"2016-05-02",0.822,0.822,0.795,0.812,12834200,0.812
"2016-05-03",0.815,0.815,0.77,0.77,38900900,0.77
"2016-05-04",0.772,0.784,0.764,0.776,56722500,0.776
"2016-05-05",0.785,0.786,0.761,0.763,33303600,0.763
"2016-05-06",0.765,0.787,0.755,0.779,26140300,0.779
"2016-05-09",0.791,0.791,0.769,0.772,30547800,0.772
"2016-05-10",0.776,0.79,0.772,0.782,21919400,0.782
"2016-05-11",0.782,0.783,0.761,0.765,26413300,0.765
"2016-05-12",0.761,0.774,0.75,0.757,24944200,0.757
"2016-05-13",0.752,0.762,0.747,0.761,18136800,0.761
"2016-05-16",0.761,0.77,0.751,0.768,11504900,0.768
"2016-05-17",0.774,0.793,0.759,0.771,21508600,0.771
"2016-05-18",0.768,0.777,0.758,0.773,18892000,0.773
"2016-05-19",0.767,0.789,0.766,0.77,19224400,0.77
"2016-05-20",0.776,0.777,0.761,0.766,14801000,0.766
"2016-05-23",0.769,0.773,0.76,0.766,19799500,0.766
"2016-05-24",0.761,0.788,0.761,0.787,13918800,0.787
"2016-05-25",0.79,0.83,0.788,0.83,26255600,0.83
"2016-05-26",0.819,0.82,0.788,0.81,24544200,0.81
"2016-05-27",0.809,0.813,0.8,0.811,18145100,0.811
"2016-05-30",0.812,0.817,0.802,0.808,10959300,0.808
"2016-05-31",0.802,0.805,0.775,0.781,28226100,0.781
"2016-06-01",0.784,0.785,0.765,0.781,11874300,0.781
"2016-06-02",0.782,0.81,0.782,0.791,26534500,0.791
"2016-06-03",0.797,0.797,0.76,0.763,23110700,0.763
"2016-06-06",0.766,0.778,0.757,0.768,13116100,0.768
"2016-06-07",0.773,0.777,0.763,0.765,15056100,0.765
"2016-06-08",0.761,0.765,0.747,0.752,16315600,0.752
"2016-06-09",0.75,0.756,0.747,0.749,25200200,0.749
"2016-06-10",0.745,0.748,0.722,0.731,26698600,0.731
"2016-06-13",0.724,0.73,0.71,0.721,22003400,0.721
"2016-06-14",0.71,0.715,0.681,0.684,37035300,0.684
"2016-06-15",0.698,0.713,0.682,0.694,34811700,0.694
"2016-06-16",0.681,0.682,0.663,0.675,35604000,0.675
"2016-06-17",0.686,0.705,0.684,0.695,27576600,0.695
"2016-06-20",0.721,0.723,0.711,0.718,20154300,0.718
"2016-06-21",0.718,0.721,0.701,0.701,28424200,0.701
"2016-06-22",0.71,0.716,0.695,0.7,27264000,0.7
"2016-06-23",0.71,0.72,0.697,0.717,33286500,0.717
"2016-06-24",0.55,0.643,0.528,0.568,94631500,0.568
"2016-06-27",0.63,0.681,0.578,0.607,131377000,0.607
"2016-06-28",0.629,0.68,0.622,0.657,79967900,0.657
"2016-06-29",0.665,0.681,0.639,0.642,56942600,0.642
"2016-06-30",0.633,0.68,0.622,0.646,101347300,0.646
"2016-07-01",0.651,0.656,0.64,0.647,53865500,0.647
"2016-07-04",0.654,0.659,0.637,0.645,21919600,0.645
"2016-07-05",0.638,0.653,0.631,0.631,27736700,0.631
"2016-07-06",0.627,0.633,0.604,0.607,42128000,0.607
"2016-07-07",0.61,0.616,0.594,0.604,28909400,0.604
"2016-07-08",0.6,0.625,0.6,0.62,42286200,0.62
"2016-07-11",0.64,0.642,0.622,0.634,24586300,0.634
"2016-07-12",0.63,0.679,0.629,0.671,36886300,0.671
"2016-07-13",0.67,0.698,0.653,0.666,46931000,0.666
"2016-07-14",0.675,0.686,0.664,0.667,27528400,0.667
"2016-07-15",0.664,0.68,0.646,0.67,34507800,0.67
"2016-07-18",0.674,0.679,0.658,0.67,19349000,0.67
"2016-07-19",0.671,0.681,0.655,0.657,27946400,0.657
"2016-07-20",0.665,0.683,0.653,0.68,25084800,0.68
"2016-07-21",0.687,0.709,0.68,0.682,37579500,0.682
"2016-07-22",0.688,0.71,0.688,0.703,39545900,0.703
"2016-07-25",0.705,0.706,0.685,0.692,21114800,0.692
"2016-07-26",0.691,0.696,0.675,0.675,23356800,0.675
"2016-07-27",0.681,0.709,0.676,0.704,30786100,0.704
"2016-07-28",0.7,0.704,0.678,0.678,17849500,0.678
"2016-07-29",0.681,0.701,0.68,0.686,22709100,0.686
"2016-08-01",0.711,0.717,0.672,0.681,27171300,0.681
"2016-08-02",0.676,0.676,0.65,0.651,33254200,0.651
"2016-08-03",0.657,0.661,0.64,0.654,26116000,0.654
"2016-08-04",0.659,0.675,0.656,0.659,22232700,0.659
"2016-08-05",0.663,0.679,0.655,0.679,15629600,0.679
"2016-08-08",0.68,0.699,0.679,0.693,13904800,0.693
"2016-08-09",0.69,0.7,0.684,0.699,17456200,0.699
"2016-08-10",0.689,0.72,0.688,0.715,31810900,0.715
"2016-08-11",0.721,0.722,0.704,0.715,12429500,0.715
"2016-08-12",0.71,0.721,0.709,0.709,11817600,0.709
"2016-08-15",0.709,0.715,0.707,0.71,9799100,0.71
"2016-08-16",0.705,0.714,0.699,0.704,14040100,0.704
"2016-08-17",0.704,0.72,0.702,0.71,24507900,0.71
"2016-08-18",0.717,0.72,0.708,0.711,24150100,0.711
"2016-08-19",0.713,0.713,0.697,0.703,18424000,0.703
"2016-08-22",0.698,0.708,0.696,0.7,16836300,0.7
"2016-08-23",0.702,0.719,0.7,0.714,27755700,0.714
"2016-08-24",0.711,0.744,0.709,0.733,36303500,0.733
