"","FBK.MI.Open","FBK.MI.High","FBK.MI.Low","FBK.MI.Close","FBK.MI.Volume","FBK.MI.Adjusted"
"2014-07-02",4,4.018,3.872,4,37618200,3.74
"2014-07-03",4.016,4.244,4.006,4.17,15526100,3.899
"2014-07-04",4.198,4.296,4.106,4.14,7037200,3.871
"2014-07-07",4.168,4.194,4.01,4.04,4890600,3.777
"2014-07-08",4.088,4.09,3.98,3.98,3934800,3.721
"2014-07-09",4.01,4.09,4.01,4.04,2068100,3.777
"2014-07-10",4.042,4.08,3.902,4.042,2625600,3.779
"2014-07-11",4.042,4.126,4.052,4.08,1659900,3.815
"2014-07-14",4.134,4.134,4.012,4.104,1142500,3.837
"2014-07-15",4.114,4.114,4.052,4.052,758900,3.788
"2014-07-16",4.078,4.13,4.054,4.13,1049600,3.861
"2014-07-17",4.116,4.13,4.07,4.094,542400,3.828
"2014-07-18",4.074,4.13,4.04,4.056,609300,3.792
"2014-07-21",4.062,4.1,4.024,4.1,651600,3.833
"2014-07-22",4.1,4.128,4.08,4.096,774500,3.83
"2014-07-23",4.094,4.11,4.074,4.086,338700,3.82
"2014-07-24",4.106,4.108,4.058,4.08,1014700,3.815
"2014-07-25",4.084,4.09,4.058,4.068,707600,3.803
"2014-07-28",4.076,4.076,4,4.038,1049000,3.775
"2014-07-29",4.05,4.05,3.98,3.99,1490100,3.731
"2014-07-30",4.006,4.006,3.912,3.95,1968700,3.693
"2014-07-31",3.95,3.962,3.86,3.92,2642100,3.665
"2014-08-01",3.92,3.944,3.85,3.884,2561900,3.631
"2014-08-04",3.932,3.936,3.884,3.932,704600,3.676
"2014-08-05",3.932,3.982,3.916,3.964,787800,3.706
"2014-08-06",3.982,3.994,3.872,3.9,1858500,3.646
"2014-08-07",3.93,3.93,3.83,3.834,653200,3.585
"2014-08-08",3.82,3.864,3.512,3.824,1496100,3.575
"2014-08-11",3.834,3.91,3.834,3.898,394400,3.644
"2014-08-12",3.928,3.94,3.878,3.88,993000,3.628
"2014-08-13",3.88,3.9,3.786,3.826,1515800,3.577
"2014-08-14",3.82,3.836,3.8,3.808,223400,3.56
"2014-08-15",3.808,3.808,3.808,3.808,0,3.56
"2014-08-18",3.866,3.872,3.84,3.866,428000,3.615
"2014-08-19",3.866,3.934,3.85,3.9,447700,3.646
"2014-08-20",3.912,3.968,3.86,3.902,358400,3.648
"2014-08-21",3.902,3.93,3.902,3.928,341300,3.673
"2014-08-22",3.92,3.96,3.9,3.928,918600,3.673
"2014-08-25",3.938,3.96,3.91,3.936,533300,3.68
"2014-08-26",3.94,3.964,3.912,3.932,1060700,3.676
"2014-08-27",3.938,3.95,3.92,3.934,594900,3.678
"2014-08-28",3.94,3.948,3.92,3.94,339500,3.684
"2014-08-29",3.924,3.966,3.924,3.96,299000,3.702
"2014-09-01",3.95,3.968,3.914,3.966,263200,3.708
"2014-09-02",3.952,3.97,3.944,3.952,261400,3.695
"2014-09-03",3.952,3.986,3.944,3.972,592200,3.714
"2014-09-04",3.972,4.17,3.972,4.12,4962200,3.852
"2014-09-05",4.1,4.138,4.068,4.12,2147000,3.852
"2014-09-08",4.084,4.112,4.072,4.084,721500,3.818
"2014-09-09",4.084,4.15,4.078,4.116,1409600,3.848
"2014-09-10",4.1,4.142,4.1,4.108,792400,3.841
"2014-09-11",4.118,4.206,4.118,4.172,2460900,3.901
"2014-09-12",4.152,4.194,4.136,4.16,746000,3.889
"2014-09-15",4.142,4.18,4.084,4.14,663900,3.871
"2014-09-16",4.124,4.136,4.03,4.12,732400,3.852
"2014-09-17",4.164,4.224,4.164,4.18,2714600,3.908
"2014-09-18",4.19,4.248,4.15,4.202,1350100,3.929
"2014-09-19",4.248,4.306,4.202,4.296,2363000,4.017
"2014-09-22",4.24,4.27,4.202,4.222,659600,3.947
"2014-09-23",4.24,4.34,4.152,4.226,1506500,3.951
"2014-09-24",4.236,4.25,4.182,4.248,536000,3.972
"2014-09-25",4.236,4.28,4.202,4.224,471700,3.949
"2014-09-26",4.24,4.25,4.212,4.234,379600,3.959
"2014-09-29",4.246,4.25,4.186,4.188,513100,3.916
"2014-09-30",4.214,4.238,4.19,4.238,290800,3.962
"2014-10-01",4.2,4.24,4.192,4.224,535000,3.949
"2014-10-02",4.202,4.208,4.118,4.14,1557000,3.871
"2014-10-03",4.148,4.194,4.116,4.188,816600,3.916
"2014-10-06",4.196,4.204,4.104,4.2,377800,3.927
"2014-10-07",4.18,4.216,4.13,4.15,530400,3.88
"2014-10-08",4.128,4.2,4.112,4.122,437300,3.854
"2014-10-09",4.154,4.2,4.062,4.068,597400,3.803
"2014-10-10",4.05,4.17,3.978,4.13,1086200,3.861
"2014-10-13",4.146,4.146,3.994,3.996,957500,3.736
"2014-10-14",4,4.022,3.904,3.944,1549400,3.688
"2014-10-15",3.942,3.998,3.81,3.832,1217500,3.583
"2014-10-16",3.87,3.938,3.762,3.872,1458700,3.62
"2014-10-17",3.88,4.038,3.88,3.98,867200,3.721
"2014-10-20",4.012,4.038,3.966,4,730700,3.74
"2014-10-21",4.008,4.072,3.972,4.05,615900,3.787
"2014-10-22",4.06,4.118,4.04,4.092,519700,3.826
"2014-10-23",4.106,4.208,4.066,4.18,709900,3.908
"2014-10-24",4.158,4.174,4.082,4.114,337800,3.846
"2014-10-27",4.132,4.158,4,4.07,641100,3.805
"2014-10-28",4.094,4.12,4.034,4.044,586500,3.781
"2014-10-29",4.05,4.12,4.036,4.07,600100,3.805
"2014-10-30",4.104,4.104,3.974,4.054,571400,3.79
"2014-10-31",4.1,4.148,4.05,4.148,957200,3.878
"2014-11-03",4.144,4.15,4.086,4.116,535400,3.848
"2014-11-04",4.114,4.15,4.058,4.1,299200,3.833
"2014-11-05",4.122,4.174,4.064,4.126,865800,3.858
"2014-11-06",4.136,4.136,4.034,4.058,832700,3.794
"2014-11-07",4.098,4.154,4.078,4.122,1270600,3.854
"2014-11-10",4.146,4.2,4.1,4.2,1502400,3.927
"2014-11-11",4.2,4.2,4.166,4.2,872200,3.927
"2014-11-12",4.174,4.2,4.164,4.196,559800,3.923
"2014-11-13",4.198,4.2,4.154,4.19,619500,3.918
"2014-11-14",4.166,4.2,4.166,4.18,760900,3.908
"2014-11-17",4.164,4.3,4.162,4.28,3200000,4.002
"2014-11-18",4.28,4.316,4.238,4.31,1965400,4.03
"2014-11-19",4.32,4.454,4.308,4.44,2732700,4.151
"2014-11-20",4.44,4.464,4.286,4.392,1312000,4.106
"2014-11-21",4.38,4.486,4.38,4.47,1370900,4.179
"2014-11-24",4.47,4.496,4.4,4.488,1590300,4.196
"2014-11-25",4.482,4.544,4.44,4.45,3858300,4.161
"2014-11-26",4.472,4.544,4.45,4.458,909200,4.168
"2014-11-27",4.458,4.598,4.45,4.574,1058600,4.277
"2014-11-28",4.6,4.6,4.486,4.538,627900,4.243
"2014-12-01",4.51,4.544,4.476,4.544,520200,4.248
"2014-12-02",4.528,4.58,4.5,4.53,473300,4.235
"2014-12-03",4.52,4.576,4.5,4.538,745600,4.243
"2014-12-04",4.56,4.618,4.526,4.592,1323700,4.293
"2014-12-08",4.592,4.592,4.592,4.592,0,4.293
"2014-12-09",4.686,4.75,4.662,4.75,902600,4.441
"2014-12-10",4.74,4.888,4.52,4.63,1970200,4.329
"2014-12-11",4.63,4.69,4.546,4.638,851900,4.336
"2014-12-12",4.632,4.666,4.562,4.57,619600,4.273
"2014-12-15",4.59,4.6,4.388,4.454,853500,4.164
"2014-12-16",4.45,4.596,4.332,4.52,1346800,4.226
"2014-12-17",4.498,4.61,4.49,4.502,730500,4.209
"2014-12-18",4.54,4.58,4.5,4.546,449900,4.25
"2014-12-19",4.602,4.684,4.504,4.684,2297100,4.379
"2014-12-22",4.682,4.692,4.616,4.646,340300,4.344
"2014-12-23",4.628,4.64,4.57,4.598,431600,4.299
"2014-12-24",4.598,4.598,4.598,4.598,0,4.299
"2014-12-25",4.598,4.598,4.598,4.598,0,4.299
"2014-12-26",4.598,4.598,4.598,4.598,0,4.299
"2014-12-29",4.576,4.69,4.576,4.69,425000,4.385
"2014-12-30",4.628,4.688,4.628,4.668,322500,4.364
"2014-12-31",4.668,4.668,4.668,4.668,0,4.364
"2015-01-01",4.668,4.668,4.668,4.668,0,4.364
"2015-01-02",4.666,4.798,4.666,4.74,796800,4.432
"2015-01-05",4.74,4.8,4.652,4.652,402900,4.349
"2015-01-06",4.652,4.678,4.596,4.6,368900,4.301
"2015-01-07",4.61,4.638,4.512,4.516,357700,4.222
"2015-01-08",4.598,4.648,4.522,4.54,1108900,4.245
"2015-01-09",4.54,4.6,4.36,4.438,1285900,4.149
"2015-01-12",4.44,4.53,4.438,4.524,401900,4.23
"2015-01-13",4.516,4.638,4.494,4.6,653300,4.301
"2015-01-14",4.588,4.636,4.458,4.636,773100,4.335
"2015-01-15",4.638,4.638,4.558,4.622,437400,4.321
"2015-01-16",4.61,4.624,4.558,4.6,669900,4.301
"2015-01-19",4.616,4.648,4.592,4.64,601700,4.338
"2015-01-20",4.64,4.66,4.584,4.628,1000600,4.327
"2015-01-21",4.632,4.666,4.582,4.634,514600,4.333
"2015-01-22",4.658,4.72,4.636,4.692,708100,4.387
"2015-01-23",4.7,4.92,4.678,4.778,1942200,4.467
"2015-01-26",4.744,4.89,4.722,4.822,1107500,4.508
"2015-01-27",4.858,4.886,4.802,4.84,1047200,4.525
"2015-01-28",4.874,4.9,4.736,4.774,807900,4.464
"2015-01-29",4.774,4.82,4.64,4.708,998700,4.402
"2015-01-30",4.736,4.772,4.7,4.772,512800,4.462
"2015-02-02",4.796,4.836,4.734,4.836,574300,4.521
"2015-02-03",4.848,4.93,4.806,4.91,1356100,4.591
"2015-02-04",4.91,4.95,4.85,4.93,961500,4.609
"2015-02-05",4.916,4.986,4.852,4.98,1332100,4.656
"2015-02-06",4.986,5.07,4.964,5.055,793900,4.726
"2015-02-09",5.055,5.2,5.03,5.195,2445000,4.857
"2015-02-10",5.195,5.29,5.165,5.29,2723200,4.946
"2015-02-11",5.3,5.39,5.17,5.23,1955800,4.89
"2015-02-12",5.23,5.32,5.22,5.295,883000,4.951
"2015-02-13",5.3,5.36,5.3,5.335,1020200,4.988
"2015-02-16",5.345,5.4,5.335,5.38,1059900,5.03
"2015-02-17",5.34,5.415,5.34,5.385,1013700,5.035
"2015-02-18",5.395,5.45,5.395,5.42,856100,5.068
"2015-02-19",5.43,5.46,5.39,5.415,1211100,5.063
"2015-02-20",5.41,5.44,5.355,5.395,725400,5.044
"2015-02-23",5.415,5.445,5.26,5.35,1736400,5.002
"2015-02-24",5.38,5.4,5.3,5.365,843000,5.016
"2015-02-25",5.39,5.495,5.36,5.485,1480000,5.128
"2015-02-26",5.495,5.59,5.465,5.58,1073600,5.217
"2015-02-27",5.56,5.635,5.52,5.56,1757400,5.198
"2015-03-02",5.585,5.73,5.57,5.71,1559100,5.339
"2015-03-03",5.725,5.775,5.6,5.62,1202900,5.255
"2015-03-04",5.62,5.72,5.61,5.69,619300,5.32
"2015-03-05",5.71,5.845,5.7,5.84,1169600,5.46
"2015-03-06",5.895,6.09,5.86,5.94,2781200,5.554
"2015-03-09",5.96,5.995,5.9,5.98,1228800,5.591
"2015-03-10",6.005,6.04,5.865,5.98,1690500,5.591
"2015-03-11",5.985,6.065,5.93,6.015,1729700,5.624
"2015-03-12",6.03,6.06,5.965,5.99,1104700,5.6
"2015-03-13",6.005,6.05,5.99,6.05,977500,5.657
"2015-03-16",6.055,6.135,6.05,6.125,851200,5.727
"2015-03-17",6.165,6.31,6.115,6.185,1886300,5.783
"2015-03-18",6.225,6.29,5.785,6.055,2119800,5.661
"2015-03-19",6.1,6.23,6.1,6.175,1373700,5.773
"2015-03-20",6.205,6.3,6.18,6.285,1408800,5.876
"2015-03-23",6.285,6.41,6.275,6.4,1671200,5.984
"2015-03-24",6.4,6.41,6.325,6.37,1277000,5.956
"2015-03-25",6.395,6.445,6.35,6.35,945800,5.937
"2015-03-26",6.35,6.38,6.1,6.355,2172100,5.942
"2015-03-27",6.385,6.435,6.3,6.355,1148100,5.942
"2015-03-30",6.4,6.445,6.37,6.41,959000,5.993
"2015-03-31",6.41,6.45,6.37,6.425,949200,6.007
"2015-04-01",6.425,6.465,6.365,6.465,1208400,6.045
"2015-04-02",6.46,6.52,6.4,6.5,1023600,6.077
"2015-04-03",6.5,6.5,6.5,6.5,0,6.077
"2015-04-06",6.5,6.5,6.5,6.5,0,6.077
"2015-04-07",6.52,6.64,6.51,6.625,1885700,6.194
"2015-04-08",6.67,6.78,6.625,6.74,1875800,6.302
"2015-04-09",6.79,6.91,6.75,6.91,1898900,6.461
"2015-04-10",6.91,7,6.895,6.9,1752300,6.451
"2015-04-13",6.94,7.235,6.92,7.17,2510400,6.704
"2015-04-14",7.17,7.22,6.95,6.99,2538800,6.535
"2015-04-15",7.065,7.21,7.035,7.075,1784800,6.615
"2015-04-16",7.13,7.145,6.435,6.785,3271800,6.344
"2015-04-17",6.795,6.95,6.51,6.64,3238300,6.208
"2015-04-20",6.62,6.77,6.54,6.675,2060000,6.241
"2015-04-21",6.73,6.84,6.65,6.67,1139000,6.236
"2015-04-22",6.71,6.77,6.555,6.67,1284300,6.236
"2015-04-23",6.71,6.71,6.545,6.57,1626600,6.143
"2015-04-24",6.63,6.735,6.6,6.65,1126200,6.218
"2015-04-27",6.56,6.69,6.45,6.66,1908500,6.42
"2015-04-28",6.635,6.765,6.54,6.69,1434800,6.449
"2015-04-29",6.725,6.75,6.515,6.605,1253400,6.367
"2015-04-30",6.575,6.76,6.505,6.74,1488000,6.497
"2015-05-01",6.74,6.74,6.74,6.74,0,6.497
"2015-05-04",6.815,6.82,6.585,6.735,2017800,6.492
"2015-05-05",6.74,6.77,6.415,6.595,1721500,6.357
"2015-05-06",6.565,6.61,6.405,6.52,1712300,6.285
"2015-05-07",6.445,6.495,6.15,6.355,3990400,6.126
"2015-05-08",6.355,6.61,6.3,6.595,2434300,6.357
"2015-05-11",6.56,6.785,6.505,6.77,2546300,6.526
"2015-05-12",6.76,6.8,6.71,6.8,1574200,6.555
"2015-05-13",6.805,6.825,6.73,6.765,970200,6.521
"2015-05-14",6.775,6.88,6.71,6.83,1128200,6.584
"2015-05-15",6.88,6.89,6.775,6.84,964100,6.593
"2015-05-18",6.82,6.89,6.78,6.87,601500,6.622
"2015-05-19",6.89,7.07,6.88,7.03,2286000,6.777
"2015-05-20",7.06,7.08,6.995,7.045,1565900,6.791
"2015-05-21",7.05,7.14,7,7.135,1757000,6.878
"2015-05-22",7.135,7.215,7.02,7.03,1441500,6.777
"2015-05-25",6.91,6.96,6.725,6.91,1292200,6.661
"2015-05-26",6.91,6.985,6.74,6.79,1207000,6.545
"2015-05-27",6.805,6.98,6.805,6.965,861600,6.714
"2015-05-28",6.975,7.015,6.865,6.875,829600,6.627
"2015-05-29",6.88,6.925,6.775,6.835,1334400,6.589
"2015-06-01",6.83,6.955,6.8,6.945,626400,6.695
"2015-06-02",6.97,7.025,6.905,6.965,817200,6.714
"2015-06-03",7,7.05,6.935,7.035,1018600,6.781
"2015-06-04",7.025,7.04,6.925,6.99,829600,6.738
"2015-06-05",6.97,6.97,6.75,6.8,1065400,6.555
"2015-06-08",6.825,6.925,6.695,6.7,1405300,6.459
"2015-06-09",6.685,6.745,6.565,6.675,850300,6.434
"2015-06-10",6.65,6.83,6.65,6.81,744800,6.565
"2015-06-11",6.82,6.875,6.72,6.81,603300,6.565
"2015-06-12",6.76,6.81,6.68,6.755,527500,6.512
"2015-06-15",6.635,6.655,6.535,6.625,541300,6.386
"2015-06-16",6.555,6.65,6.415,6.57,942700,6.333
"2015-06-17",6.525,6.64,6.455,6.46,638400,6.227
"2015-06-18",6.42,6.455,6.245,6.415,717400,6.184
"2015-06-19",6.56,6.625,6.5,6.55,1482500,6.314
"2015-06-22",6.65,6.85,6.65,6.82,1414100,6.574
"2015-06-23",6.875,6.965,6.86,6.915,1246100,6.666
"2015-06-24",6.925,6.965,6.81,6.92,608000,6.671
"2015-06-25",6.85,6.925,6.825,6.895,554900,6.646
"2015-06-26",6.845,6.925,6.805,6.88,821800,6.632
"2015-06-29",6.24,6.755,6.2,6.61,1472100,6.372
"2015-06-30",6.61,6.72,6.605,6.645,854800,6.405
"2015-07-01",6.69,6.82,6.635,6.695,1270400,6.454
"2015-07-02",6.7,6.77,6.67,6.7,426600,6.459
"2015-07-03",6.7,6.71,6.555,6.64,475700,6.401
"2015-07-06",6.43,6.56,6.265,6.28,1165900,6.054
"2015-07-07",6.4,6.56,6.215,6.235,1577800,6.01
"2015-07-08",6.28,6.375,6.15,6.2,1734000,5.977
"2015-07-09",6.26,6.48,6.24,6.45,1541600,6.218
"2015-07-10",6.56,6.77,6.555,6.77,1328800,6.526
"2015-07-13",6.79,6.975,6.535,6.915,1696500,6.666
"2015-07-14",6.91,6.91,6.72,6.755,1215900,6.512
"2015-07-15",6.78,6.855,6.72,6.79,1414900,6.545
"2015-07-16",6.875,6.945,6.85,6.945,1198400,6.695
"2015-07-17",6.945,7,6.9,7,1037100,6.748
"2015-07-20",7,7.135,6.96,7.05,1064600,6.796
"2015-07-21",7.06,7.14,6.915,6.965,1081900,6.714
"2015-07-22",6.97,7.065,6.9,6.98,1190300,6.728
"2015-07-23",7.055,7.07,6.94,6.96,834700,6.709
"2015-07-24",6.96,7.07,6.915,7.07,1092100,6.815
"2015-07-27",7.04,7.05,6.8,6.87,1140500,6.622
"2015-07-28",6.915,6.99,6.855,6.95,745600,6.7
"2015-07-29",6.945,7.07,6.935,7.065,1566200,6.81
"2015-07-30",7.08,7.15,6.96,7.08,1236900,6.825
"2015-07-31",7.125,7.26,7.055,7.26,2107700,6.998
"2015-08-03",7.3,7.87,7.28,7.805,5118600,7.524
"2015-08-04",7.75,7.85,7.52,7.605,2429300,7.331
"2015-08-05",7.7,7.8,7.535,7.59,1846700,7.316
"2015-08-06",7.61,7.66,7.555,7.575,834400,7.302
"2015-08-07",7.58,7.6,7.375,7.46,914300,7.191
"2015-08-10",7.47,7.65,7.37,7.595,1358000,7.321
"2015-08-11",7.6,7.63,7.47,7.585,1099600,7.312
"2015-08-12",7.515,7.54,7.32,7.35,1165000,7.085
"2015-08-13",7.515,7.665,7.45,7.66,1359000,7.384
"2015-08-14",7.65,7.82,7.565,7.665,2449300,7.389
"2015-08-17",7.72,7.745,7.56,7.675,779400,7.398
"2015-08-18",7.645,7.735,7.6,7.625,873500,7.35
"2015-08-19",7.59,7.605,7.505,7.52,801700,7.249
"2015-08-20",7.455,7.49,7.125,7.19,2028600,6.931
"2015-08-21",7.07,7.23,7,7.03,1150500,6.777
"2015-08-24",6.84,6.88,6.37,6.525,4411900,6.29
"2015-08-25",6.56,6.95,6.56,6.935,2240000,6.685
"2015-08-26",6.8,6.98,6.665,6.88,1201000,6.632
"2015-08-27",7.1,7.12,6.925,7.035,1613700,6.781
"2015-08-28",7.045,7.07,6.78,6.925,1470700,6.675
"2015-08-31",6.895,6.965,6.81,6.915,588200,6.666
"2015-09-01",6.835,6.865,6.66,6.685,968100,6.444
"2015-09-02",6.76,6.78,6.51,6.625,1584000,6.386
"2015-09-03",6.69,6.885,6.64,6.835,1037000,6.589
"2015-09-04",6.77,6.78,6.305,6.4,3604800,6.169
"2015-09-07",6.475,6.57,6.305,6.445,1091500,6.213
"2015-09-08",6.455,6.55,6.455,6.51,998100,6.275
"2015-09-09",6.65,6.67,6.5,6.5,1431100,6.266
"2015-09-10",6.435,6.59,6.395,6.515,1330500,6.28
"2015-09-11",6.565,6.58,6.45,6.5,493900,6.266
"2015-09-14",6.51,6.56,6.28,6.34,1418000,6.111
"2015-09-15",6.365,6.465,6.22,6.415,1631900,6.184
"2015-09-16",6.465,6.495,6.34,6.345,825800,6.116
"2015-09-17",6.36,6.4,6.305,6.38,545800,6.15
"2015-09-18",6.345,6.35,6.205,6.3,1567000,6.073
"2015-09-21",6.25,6.285,6.18,6.225,1941100,6.001
"2015-09-22",6.25,6.25,6.08,6.125,1509100,5.904
"2015-09-23",6.12,6.145,6.02,6.03,1509300,5.813
"2015-09-24",6.05,6.105,5.7,5.74,1930900,5.533
"2015-09-25",5.86,6.09,5.83,6,1687800,5.784
"2015-09-28",6,6.015,5.81,5.865,1242700,5.654
"2015-09-29",5.79,5.9,5.755,5.84,937000,5.63
"2015-09-30",5.985,6,5.85,5.94,1059200,5.726
"2015-10-01",5.985,6.04,5.92,5.995,891900,5.779
"2015-10-02",6.015,6.13,5.955,6.11,1299800,5.89
"2015-10-05",6.2,6.395,6.14,6.335,1818800,6.107
"2015-10-06",6.36,6.485,6.35,6.455,1577900,6.222
"2015-10-07",6.5,6.66,6.42,6.43,1540900,6.198
"2015-10-08",6.43,6.49,6.355,6.42,947800,6.189
"2015-10-09",6.48,6.48,6.26,6.345,1592500,6.116
"2015-10-12",6.355,6.395,6.165,6.175,1207600,5.952
"2015-10-13",6.15,6.19,6.08,6.1,979700,5.88
"2015-10-14",6.08,6.1,6.01,6.1,1087000,5.88
"2015-10-15",6.105,6.29,6.1,6.205,818400,5.981
"2015-10-16",6.23,6.41,6.23,6.405,1306100,6.174
"2015-10-19",6.375,6.56,6.355,6.51,1099800,6.275
"2015-10-20",6.51,6.56,6.42,6.48,645000,6.246
"2015-10-21",6.51,6.715,6.4,6.59,1997100,6.352
"2015-10-22",6.53,6.66,6.51,6.62,597100,6.381
"2015-10-23",6.66,6.97,6.655,6.93,2696300,6.68
"2015-10-26",6.91,6.91,6.8,6.85,916900,6.603
"2015-10-27",6.785,6.95,6.7,6.78,1078500,6.536
"2015-10-28",6.785,6.935,6.785,6.915,649100,6.666
"2015-10-29",6.94,6.955,6.815,6.955,1081300,6.704
"2015-10-30",6.98,7.1,6.83,6.885,1351700,6.637
"2015-11-02",6.85,6.935,6.78,6.795,840900,6.55
"2015-11-03",6.8,6.91,6.785,6.84,1059500,6.593
"2015-11-04",6.885,6.93,6.76,6.85,794200,6.603
"2015-11-05",6.85,6.85,6.76,6.8,498700,6.555
"2015-11-06",6.8,7.15,6.765,7.15,1639300,6.892
"2015-11-09",7.19,7.22,6.95,6.98,2013000,6.728
"2015-11-10",7,7.11,6.955,7.085,1588000,6.83
"2015-11-11",7.075,7.25,7.075,7.215,1530500,6.955
"2015-11-12",7.23,7.345,7.075,7.24,1512600,6.979
"2015-11-13",7.16,7.24,7.08,7.24,1265500,6.979
"2015-11-16",7.095,7.17,7.01,7.105,946300,6.849
"2015-11-17",7.165,7.275,7.155,7.275,784400,7.013
"2015-11-18",7.255,7.325,7.205,7.31,746400,7.047
"2015-11-19",7.33,7.37,7.14,7.24,1047700,6.979
"2015-11-20",7.265,7.305,7.205,7.26,692300,6.998
"2015-11-23",7.26,7.285,7.145,7.275,1382400,7.013
"2015-11-24",7.205,7.215,7.035,7.085,801500,6.83
"2015-11-25",7.095,7.24,7.09,7.24,676600,6.979
"2015-11-26",7.195,7.345,7.15,7.26,675900,6.998
"2015-11-27",7.24,7.34,7.2,7.24,759600,6.979
"2015-11-30",7.23,7.4,7.22,7.39,1064200,7.124
"2015-12-01",7.355,7.425,7.31,7.31,1105100,7.047
"2015-12-02",7.32,7.385,7.255,7.33,998000,7.066
"2015-12-03",7.31,7.425,7.075,7.21,1116000,6.95
"2015-12-04",7.21,7.315,7.15,7.26,1468100,6.998
"2015-12-07",7.335,7.4,7.285,7.385,1108400,7.119
"2015-12-08",7.36,7.37,7.065,7.245,1210300,6.984
"2015-12-09",7.275,7.275,7.04,7.2,848700,6.94
"2015-12-10",7.135,7.19,7.035,7.14,824500,6.883
"2015-12-11",7.125,7.16,6.9,7.085,1672200,6.83
"2015-12-14",7.085,7.19,6.99,7.09,1216100,6.834
"2015-12-15",7.14,7.275,7.09,7.275,997200,7.013
"2015-12-16",7.25,7.355,7.21,7.355,1140200,7.09
"2015-12-17",7.425,7.5,7.395,7.49,1302200,7.22
"2015-12-18",7.425,7.5,7.41,7.485,1185400,7.215
"2015-12-21",7.48,7.545,7.42,7.44,1079200,7.172
"2015-12-22",7.445,7.505,7.285,7.31,835900,7.047
"2015-12-23",7.365,7.42,7.27,7.335,586000,7.071
"2015-12-24",7.335,7.335,7.335,7.335,0,7.071
"2015-12-25",7.335,7.335,7.335,7.335,0,7.071
"2015-12-28",7.335,7.385,7.23,7.385,763600,7.119
"2015-12-29",7.43,7.58,7.385,7.575,1082000,7.302
"2015-12-30",7.6,7.635,7.56,7.625,723400,7.35
"2015-12-31",7.625,7.625,7.625,7.625,0,7.35
"2016-01-01",7.625,7.625,7.625,7.625,0,7.35
"2016-01-04",7.55,7.55,7.305,7.395,1120000,7.128
"2016-01-05",7.44,7.495,7.32,7.35,1067000,7.085
"2016-01-06",7.33,7.33,7.09,7.145,1113400,6.887
"2016-01-07",7,7.165,6.89,7.1,1633900,6.844
"2016-01-08",7.16,7.34,7.15,7.27,1754600,7.008
"2016-01-11",7.185,7.26,6.99,7.09,1267000,6.834
"2016-01-12",7.14,7.39,7.11,7.275,1072000,7.013
"2016-01-13",7.355,7.46,7.3,7.34,884000,7.075
"2016-01-14",7.22,7.24,7.105,7.175,950600,6.916
"2016-01-15",7.19,7.205,6.95,6.97,1145400,6.719
"2016-01-18",6.975,7.065,6.68,6.81,1179300,6.565
"2016-01-19",7.02,7.1,6.89,7.01,1376700,6.757
"2016-01-20",6.855,6.93,6.435,6.435,1521600,6.203
"2016-01-21",6.545,6.7,6.43,6.66,1328800,6.42
"2016-01-22",6.94,6.955,6.75,6.86,1223800,6.613
"2016-01-25",6.94,6.98,6.745,6.86,801100,6.613
"2016-01-26",6.785,6.98,6.685,6.98,810500,6.728
"2016-01-27",7.01,7.2,6.97,7.2,1495800,6.94
"2016-01-28",7.19,7.24,6.93,6.975,774600,6.724
"2016-01-29",7.105,7.195,7.025,7.11,927800,6.854
"2016-02-01",7.145,7.25,7.1,7.135,993300,6.878
"2016-02-02",7.195,7.195,6.97,7.08,890800,6.825
"2016-02-03",6.995,7.015,6.57,6.755,2067800,6.512
"2016-02-04",6.825,6.86,6.385,6.62,1487300,6.381
"2016-02-05",6.63,6.78,6.505,6.55,807500,6.314
"2016-02-08",6.66,6.7,6.115,6.31,1769800,6.083
"2016-02-09",6.355,6.375,5.87,6,4309100,5.784
"2016-02-10",6.005,6.345,5.895,6.155,2729600,5.933
"2016-02-11",6.165,6.33,5.9,6.195,1926700,5.972
"2016-02-12",6.215,6.33,6.05,6.33,1485700,6.102
"2016-02-15",6.505,6.675,6.49,6.61,1203700,6.372
"2016-02-16",6.66,6.695,6.485,6.54,1030600,6.304
"2016-02-17",6.55,6.67,6.505,6.65,2143900,6.41
"2016-02-18",6.7,6.815,6.55,6.585,1191500,6.348
"2016-02-19",6.55,6.64,6.41,6.51,826600,6.275
"2016-02-22",6.55,6.765,6.54,6.675,876400,6.434
"2016-02-23",6.68,6.735,6.55,6.7,635900,6.459
"2016-02-24",6.705,6.75,6.61,6.75,1611200,6.507
"2016-02-25",6.79,6.94,6.775,6.92,1384800,6.671
"2016-02-26",6.99,7.095,6.91,7.035,1286900,6.781
"2016-02-29",6.96,7.055,6.93,7.05,1229300,6.796
"2016-03-01",7.08,7.185,7.06,7.145,820500,6.887
"2016-03-02",7.2,7.27,7.02,7.08,1499400,6.825
"2016-03-03",7.07,7.15,7.01,7.14,1200400,6.883
"2016-03-04",7.115,7.17,7.04,7.08,964800,6.825
"2016-03-07",7.05,7.1,6.82,6.845,1598200,6.598
"2016-03-08",6.81,6.81,6.615,6.69,1329000,6.449
"2016-03-09",6.685,6.775,6.56,6.605,1135100,6.367
"2016-03-10",6.61,6.94,6.58,6.845,1777300,6.598
"2016-03-11",6.9,7.045,6.885,7,1102600,6.748
"2016-03-14",7.05,7.11,6.99,7.03,1406600,6.777
"2016-03-15",7.015,7.09,6.985,7.05,813000,6.796
"2016-03-16",7.03,7.1,6.915,6.975,720600,6.724
"2016-03-17",7.045,7.045,6.8,6.915,882200,6.666
"2016-03-18",6.915,6.965,6.83,6.895,2597600,6.646
"2016-03-21",6.875,7.04,6.845,7,1525700,6.748
"2016-03-22",6.98,7.095,6.91,7.08,1306400,6.825
"2016-03-23",7.1,7.2,7.085,7.145,1309000,6.887
"2016-03-24",7.1,7.21,7.08,7.17,1297200,6.912
"2016-03-25",7.17,7.17,7.17,7.17,0,6.912
"2016-03-28",7.17,7.17,7.17,7.17,0,6.912
"2016-03-29",7.165,7.31,7.135,7.23,1384800,6.969
"2016-03-30",7.3,7.54,7.3,7.4,3573800,7.133
"2016-03-31",7.455,7.49,7.31,7.4,7332800,7.133
"2016-04-01",7.34,7.435,7.185,7.23,2320600,6.969
"2016-04-04",7.235,7.285,7.05,7.085,1641400,6.83
"2016-04-05",7.055,7.08,6.795,6.935,2726300,6.685
"2016-04-06",6.995,6.995,6.82,6.88,1700800,6.632
"2016-04-07",6.885,6.91,6.61,6.675,1526700,6.434
"2016-04-08",6.745,6.84,6.72,6.835,1610700,6.589
"2016-04-11",6.84,6.905,6.77,6.87,1226300,6.622
"2016-04-12",6.835,6.925,6.71,6.78,1302300,6.536
"2016-04-13",6.875,6.94,6.845,6.94,1303700,6.69
"2016-04-14",6.98,7.065,6.92,7.065,1466800,6.81
"2016-04-15",7.05,7.08,6.99,7.075,1337000,6.82
"2016-04-18",6.82,7.11,6.82,7.105,2392800,7.105
"2016-04-19",7.1,7.115,6.915,6.97,1288100,6.97
"2016-04-20",6.92,7.06,6.885,7.035,1355000,7.035
"2016-04-21",7.015,7.05,6.935,7.02,1460700,7.02
"2016-04-22",7.03,7.04,6.96,6.965,661800,6.965
"2016-04-25",7.01,7.015,6.86,6.88,902900,6.88
"2016-04-26",6.885,7.1,6.885,7.1,1260100,7.1
"2016-04-27",7.055,7.08,7.005,7.06,984300,7.06
"2016-04-28",7.005,7.18,6.98,7.18,1315300,7.18
"2016-04-29",7.08,7.185,7.005,7.01,1187500,7.01
"2016-05-02",7.025,7.045,6.94,7,766600,7
"2016-05-03",7.02,7.045,6.72,6.735,1509500,6.735
"2016-05-04",6.74,6.81,6.685,6.79,881000,6.79
"2016-05-05",6.79,6.855,6.6,6.615,1186600,6.615
"2016-05-06",6.65,6.675,6.47,6.51,997900,6.51
"2016-05-09",6.595,6.595,6.35,6.375,1317900,6.375
"2016-05-10",6.44,6.46,6.31,6.38,1099200,6.38
"2016-05-11",6.34,6.425,6.23,6.345,1279300,6.345
"2016-05-12",6.335,6.39,6.26,6.26,1100300,6.26
"2016-05-13",6.26,6.415,6.235,6.38,860700,6.38
"2016-05-16",6.36,6.67,6.315,6.61,1736200,6.61
"2016-05-17",6.64,6.76,6.465,6.53,1602000,6.53
"2016-05-18",6.47,6.61,6.395,6.61,1260500,6.61
"2016-05-19",6.53,6.63,6.505,6.535,764400,6.535
"2016-05-20",6.5,6.505,6.3,6.36,2047700,6.36
"2016-05-23",6.395,6.45,6.31,6.31,1433500,6.31
"2016-05-24",6.3,6.49,6.285,6.45,1319200,6.45
"2016-05-25",6.47,6.565,6.45,6.55,1604100,6.55
"2016-05-26",6.545,6.675,6.475,6.64,1049000,6.64
"2016-05-27",6.6,6.7,6.585,6.63,741000,6.63
"2016-05-30",6.65,6.695,6.63,6.68,301400,6.68
"2016-05-31",6.635,6.695,6.525,6.56,723400,6.56
"2016-06-01",6.575,6.595,6.485,6.595,591800,6.595
"2016-06-02",6.6,6.68,6.555,6.62,846700,6.62
"2016-06-03",6.63,6.68,6.405,6.465,863500,6.465
"2016-06-06",6.46,6.575,6.45,6.56,748000,6.56
"2016-06-07",6.545,6.68,6.545,6.615,765800,6.615
"2016-06-08",6.565,6.59,6.415,6.495,755200,6.495
"2016-06-09",6.495,6.5,6.385,6.395,678100,6.395
"2016-06-10",6.36,6.39,6.155,6.155,1314800,6.155
"2016-06-13",6.055,6.115,6.01,6.075,1453900,6.075
"2016-06-14",6.015,6.095,5.91,5.915,1300100,5.915
"2016-06-15",5.97,6.04,5.925,5.925,1066800,5.925
"2016-06-16",5.85,6.01,5.81,5.935,1213700,5.935
"2016-06-17",6,6.135,5.99,6.085,1255900,6.085
"2016-06-20",6.155,6.34,6.115,6.33,1143500,6.33
"2016-06-21",6.34,6.36,6.28,6.3,919700,6.3
"2016-06-22",6.32,6.42,6.25,6.4,1201200,6.4
"2016-06-23",6.4,6.625,6.355,6.625,2174400,6.625
"2016-06-24",5.68,6.2,5.55,5.98,3285000,5.98
"2016-06-27",5.995,6.1,5.5,5.5,3230800,5.5
"2016-06-28",5.79,5.965,5.725,5.855,1838100,5.855
"2016-06-29",5.91,5.99,5.75,5.775,1332500,5.775
"2016-06-30",5.72,5.89,5.66,5.85,1666000,5.85
"2016-07-01",5.94,5.97,5.775,5.775,1396400,5.775
"2016-07-04",5.835,5.835,5.515,5.56,1421500,5.56
"2016-07-05",5.54,5.595,5.46,5.46,845800,5.46
"2016-07-06",5.435,5.45,5.06,5.16,3993500,5.16
"2016-07-07",5.215,5.305,5.17,5.25,2105800,5.25
"2016-07-08",5.2,5.69,5.2,5.68,2661700,5.68
"2016-07-11",5.7,5.75,5.55,5.75,1373700,5.75
"2016-07-12",5.5,5.7,5.4,5.68,35821200,5.68
"2016-07-13",5.715,5.725,5.575,5.58,3708800,5.58
"2016-07-14",5.67,5.715,5.56,5.68,5373900,5.68
"2016-07-15",5.68,5.73,5.595,5.595,2836600,5.595
"2016-07-18",5.62,5.68,5.565,5.64,2842800,5.64
"2016-07-19",5.63,5.68,5.53,5.64,2956600,5.64
"2016-07-20",5.63,5.75,5.59,5.74,2137200,5.74
"2016-07-21",5.755,5.77,5.655,5.75,1184200,5.75
"2016-07-22",5.695,5.74,5.64,5.66,1612600,5.66
"2016-07-25",5.645,5.735,5.64,5.655,1196000,5.655
"2016-07-26",5.68,5.735,5.595,5.695,1312900,5.695
"2016-07-27",5.69,5.78,5.385,5.455,4996000,5.455
"2016-07-28",5.48,5.49,5.235,5.235,3813100,5.235
"2016-07-29",5.265,5.38,5.245,5.31,1927600,5.31
"2016-08-01",5.395,5.425,5.185,5.25,2848400,5.25
"2016-08-02",5.3,5.305,5.105,5.11,2847800,5.11
"2016-08-03",5.145,5.17,5.055,5.11,2463600,5.11
"2016-08-04",5.135,5.27,5.12,5.245,2240600,5.245
"2016-08-05",5.26,5.3,5.23,5.295,1283100,5.295
"2016-08-08",5.35,5.395,5.24,5.24,1669600,5.24
"2016-08-09",5.25,5.3,5.225,5.29,1438500,5.29
"2016-08-10",5.255,5.36,5.24,5.27,1021300,5.27
"2016-08-11",5.295,5.325,5.24,5.255,708200,5.255
"2016-08-12",5.24,5.345,5.24,5.325,1359300,5.325
"2016-08-15",5.325,5.325,5.325,5.325,0,5.325
"2016-08-16",5.34,5.35,5.225,5.245,1368000,5.245
"2016-08-17",5.255,5.265,5.1,5.1,1424900,5.1
"2016-08-18",5.145,5.175,5.075,5.095,1350600,5.095
"2016-08-19",5.055,5.11,4.932,5.025,2620700,5.025
"2016-08-22",5.035,5.04,4.958,5,1813500,5
"2016-08-23",5.09,5.395,5.075,5.395,4871900,5.395
"2016-08-24",5.4,5.51,5.285,5.5,3532800,5.5
